district,race,birth_country,total_students
GRAJAU,PARDA,BRASIL,11661
GRAJAU,BRANCA,BRASIL,11300
SAPOPEMBA,BRANCA,BRASIL,10320
JARDIM ANGELA,PARDA,BRASIL,9829
JARDIM ANGELA,BRANCA,BRASIL,9754
CAPAO REDONDO,BRANCA,BRASIL,9402
CAPAO REDONDO,PARDA,BRASIL,8607
BRASILANDIA,BRANCA,BRASIL,8212
JARAGUA,BRANCA,BRASIL,8164
CAMPO LIMPO,BRANCA,BRASIL,7942
IGUATEMI,BRANCA,BRASIL,7887
CAMPO LIMPO,PARDA,BRASIL,7366
CIDADE TIRADENTES,BRANCA,BRASIL,7117
JARDIM SAO LUIS,BRANCA,BRASIL,7079
SACOMA,BRANCA,BRASIL,6732
CIDADE TIRADENTES,PARDA,BRASIL,6332
BRASILANDIA,PARDA,BRASIL,6170
LAJEADO,BRANCA,BRASIL,5910
SAO RAFAEL,BRANCA,BRASIL,5746
CIDADE DUTRA,BRANCA,BRASIL,5691
LAJEADO,PARDA,BRASIL,5672
JARDIM SAO LUIS,PARDA,BRASIL,5567
IGUATEMI,PARDA,BRASIL,5180
VILA CURUCA,BRANCA,BRASIL,5130
PERUS,BRANCA,BRASIL,5036
ITAQUERA,BRANCA,BRASIL,5033
JARAGUA,PARDA,BRASIL,4993
ITAIM PAULISTA,BRANCA,BRASIL,4766
VILA JACUI,BRANCA,BRASIL,4747
SAPOPEMBA,PARDA,BRASIL,4719
ITAIM PAULISTA,PARDA,BRASIL,4673
TREMEMBE,BRANCA,BRASIL,4664
CIDADE LIDER,BRANCA,BRASIL,4627
CIDADE ADEMAR,BRANCA,BRASIL,4559
JARDIM HELENA,BRANCA,BRASIL,4554
CACHOEIRINHA,BRANCA,BRASIL,4398
PARELHEIROS,PARDA,BRASIL,4384
VILA CURUCA,PARDA,BRASIL,4340
PARELHEIROS,BRANCA,BRASIL,4239
SAO MATEUS,BRANCA,BRASIL,4146
CANGAIBA,BRANCA,BRASIL,4097
CIDADE DUTRA,PARDA,BRASIL,4026
JARDIM HELENA,PARDA,BRASIL,3978
SAO RAFAEL,PARDA,BRASIL,3831
CIDADE ADEMAR,PARDA,BRASIL,3759
FREGUESIA DO O,BRANCA,BRASIL,3736
SACOMA,PARDA,BRASIL,3609
RAPOSO TAVARES,BRANCA,BRASIL,3596
JACANA,BRANCA,BRASIL,3531
PEDREIRA,BRANCA,BRASIL,3415
JOSE BONIFACIO,BRANCA,BRASIL,3343
ITAQUERA,PARDA,BRASIL,3332
JABAQUARA,BRANCA,BRASIL,3327
PERUS,PARDA,BRASIL,3268
PIRITUBA,BRANCA,BRASIL,3243
VILA JACUI,PARDA,BRASIL,3196
CACHOEIRINHA,PARDA,BRASIL,3153
VILA MARIA,BRANCA,BRASIL,3132
VILA ANDRADE,PARDA,BRASIL,3087
VILA MEDEIROS,BRANCA,BRASIL,3069
RAPOSO TAVARES,PARDA,BRASIL,3048
PEDREIRA,PARDA,BRASIL,3013
VILA ANDRADE,BRANCA,BRASIL,2917
ANHANGUERA,BRANCA,BRASIL,2810
TREMEMBE,PARDA,BRASIL,2740
SAO LUCAS,BRANCA,BRASIL,2706
SAPOPEMBA,RECUSOU INFORMA,BRASIL,2689
GUAIANASES,BRANCA,BRASIL,2605
CIDADE TIRADENTES,RECUSOU INFORMA,BRASIL,2584
JABAQUARA,PARDA,BRASIL,2551
CIDADE LIDER,PARDA,BRASIL,2547
ERMELINO MATARAZZO,BRANCA,BRASIL,2538
BRASILANDIA,RECUSOU INFORMA,BRASIL,2526
ITAIM PAULISTA,RECUSOU INFORMA,BRASIL,2453
SAO MATEUS,PARDA,BRASIL,2425
IGUATEMI,RECUSOU INFORMA,BRASIL,2315
RIO PEQUENO,BRANCA,BRASIL,2231
GUAIANASES,PARDA,BRASIL,2220
SAO MIGUEL,BRANCA,BRASIL,2174
GRAJAU,RECUSOU INFORMA,BRASIL,2157
CANGAIBA,PARDA,BRASIL,2149
VILA PRUDENTE,BRANCA,BRASIL,2139
ERMELINO MATARAZZO,PARDA,BRASIL,2138
JARAGUA,RECUSOU INFORMA,BRASIL,2126
SAO DOMINGOS,BRANCA,BRASIL,2112
CAPAO REDONDO,RECUSOU INFORMA,BRASIL,2075
VILA MEDEIROS,PARDA,BRASIL,2063
JACANA,PARDA,BRASIL,2051
VILA MATILDE,BRANCA,BRASIL,2038
PONTE RASA,BRANCA,BRASIL,1965
VILA MARIA,PARDA,BRASIL,1950
JOSE BONIFACIO,PARDA,BRASIL,1888
LAJEADO,RECUSOU INFORMA,BRASIL,1885
PARQUE DO CARMO,BRANCA,BRASIL,1874
ITAQUERA,RECUSOU INFORMA,BRASIL,1854
CAMPO LIMPO,RECUSOU INFORMA,BRASIL,1835
SAO RAFAEL,RECUSOU INFORMA,BRASIL,1809
CARRAO,BRANCA,BRASIL,1761
FREGUESIA DO O,PARDA,BRASIL,1758
ARTUR ALVIM,BRANCA,BRASIL,1751
SACOMA,RECUSOU INFORMA,BRASIL,1732
JARDIM ANGELA,RECUSOU INFORMA,BRASIL,1701
LIMAO,BRANCA,BRASIL,1694
PENHA,BRANCA,BRASIL,1693
CIDADE ADEMAR,RECUSOU INFORMA,BRASIL,1690
MANDAQUI,BRANCA,BRASIL,1636
RIO PEQUENO,PARDA,BRASIL,1627
ANHANGUERA,PARDA,BRASIL,1621
ARICANDUVA,BRANCA,BRASIL,1614
TUCURUVI,BRANCA,BRASIL,1602
IPIRANGA,BRANCA,BRASIL,1593
SOCORRO,BRANCA,BRASIL,1587
CASA VERDE,BRANCA,BRASIL,1550
AGUA RASA,BRANCA,BRASIL,1511
JARDIM SAO LUIS,RECUSOU INFORMA,BRASIL,1493
SAO DOMINGOS,PARDA,BRASIL,1479
SAO MIGUEL,PARDA,BRASIL,1473
VILA SONIA,BRANCA,BRASIL,1450
PEDREIRA,RECUSOU INFORMA,BRASIL,1434
TATUAPE,BRANCA,BRASIL,1400
BELA VISTA,BRANCA,BRASIL,1387
CAMPO GRANDE,BRANCA,BRASIL,1387
SAO MATEUS,RECUSOU INFORMA,BRASIL,1372
JARDIM HELENA,RECUSOU INFORMA,BRASIL,1364
CIDADE LIDER,RECUSOU INFORMA,BRASIL,1338
PIRITUBA,PARDA,BRASIL,1337
PERUS,RECUSOU INFORMA,BRASIL,1327
VILA CURUCA,RECUSOU INFORMA,BRASIL,1305
CANGAIBA,RECUSOU INFORMA,BRASIL,1297
CACHOEIRINHA,RECUSOU INFORMA,BRASIL,1296
VILA ANDRADE,RECUSOU INFORMA,BRASIL,1267
JAGUARE,BRANCA,BRASIL,1254
CIDADE DUTRA,RECUSOU INFORMA,BRASIL,1236
SANTA CECILIA,BRANCA,BRASIL,1211
PARELHEIROS,RECUSOU INFORMA,BRASIL,1202
VILA FORMOSA,BRANCA,BRASIL,1133
LIMAO,PARDA,BRASIL,1051
CURSINO,BRANCA,BRASIL,1050
PONTE RASA,PARDA,BRASIL,1048
SAO LUCAS,PARDA,BRASIL,1045
VILA SONIA,PARDA,BRASIL,1033
JARDIM ANGELA,NÃO DECLARADA,BRASIL,1024
JOSE BONIFACIO,RECUSOU INFORMA,BRASIL,1024
BUTANTA,BRANCA,BRASIL,1017
GRAJAU,PRETA,BRASIL,1003
GUAIANASES,RECUSOU INFORMA,BRASIL,1001
CAPAO REDONDO,PRETA,BRASIL,973
JABAQUARA,RECUSOU INFORMA,BRASIL,955
CIDADE TIRADENTES,PRETA,BRASIL,953
PARQUE DO CARMO,PARDA,BRASIL,947
JACANA,RECUSOU INFORMA,BRASIL,896
JARDIM ANGELA,PRETA,BRASIL,888
RAPOSO TAVARES,RECUSOU INFORMA,BRASIL,877
PENHA,PARDA,BRASIL,864
VILA JACUI,RECUSOU INFORMA,BRASIL,853
RIO PEQUENO,RECUSOU INFORMA,BRASIL,832
SAPOPEMBA,NÃO DECLARADA,BRASIL,824
VILA MEDEIROS,RECUSOU INFORMA,BRASIL,821
VILA MATILDE,PARDA,BRASIL,814
SAUDE,BRANCA,BRASIL,811
MORUMBI,BRANCA,BRASIL,806
ARTUR ALVIM,PARDA,BRASIL,805
TREMEMBE,RECUSOU INFORMA,BRASIL,801
LAJEADO,NÃO DECLARADA,BRASIL,800
BOM RETIRO,BRANCA,BRASIL,799
MORUMBI,PARDA,BRASIL,794
BRASILANDIA,PRETA,BRASIL,786
BELA VISTA,PARDA,BRASIL,776
CAMPO GRANDE,PARDA,BRASIL,752
ERMELINO MATARAZZO,RECUSOU INFORMA,BRASIL,734
CIDADE TIRADENTES,NÃO DECLARADA,BRASIL,728
BELEM,BRANCA,BRASIL,725
JARAGUA,NÃO DECLARADA,BRASIL,723
SOCORRO,PARDA,BRASIL,720
VILA GUILHERME,BRANCA,BRASIL,720
JAGUARA,BRANCA,BRASIL,712
CASA VERDE,PARDA,BRASIL,707
ANHANGUERA,RECUSOU INFORMA,BRASIL,698
JAGUARE,PARDA,BRASIL,695
ITAIM PAULISTA,NÃO DECLARADA,BRASIL,689
MANDAQUI,PARDA,BRASIL,688
SANTO AMARO,BRANCA,BRASIL,683
ARICANDUVA,PARDA,BRASIL,668
JARAGUA,PRETA,BRASIL,667
CAMPO LIMPO,PRETA,BRASIL,663
IPIRANGA,PARDA,BRASIL,662
SANTANA,BRANCA,BRASIL,661
FREGUESIA DO O,RECUSOU INFORMA,BRASIL,658
MOOCA,BRANCA,BRASIL,656
SAO LUCAS,RECUSOU INFORMA,BRASIL,656
VILA CURUCA,NÃO DECLARADA,BRASIL,649
VILA PRUDENTE,PARDA,BRASIL,641
CAMPO BELO,BRANCA,BRASIL,632
SAPOPEMBA,PRETA,BRASIL,626
ITAQUERA,NÃO DECLARADA,BRASIL,625
VILA MARIA,RECUSOU INFORMA,BRASIL,616
VILA MARIANA,BRANCA,BRASIL,610
TATUAPE,PARDA,BRASIL,610
BELEM,PARDA,BRASIL,601
PARQUE DO CARMO,RECUSOU INFORMA,BRASIL,595
LIMAO,RECUSOU INFORMA,BRASIL,593
JARDIM SAO LUIS,PRETA,BRASIL,591
PERDIZES,BRANCA,BRASIL,591
LIBERDADE,BRANCA,BRASIL,579
BRASILANDIA,NÃO DECLARADA,BRASIL,579
VILA LEOPOLDINA,BRANCA,BRASIL,578
SAO MIGUEL,RECUSOU INFORMA,BRASIL,572
CURSINO,PARDA,BRASIL,565
ARTUR ALVIM,RECUSOU INFORMA,BRASIL,564
SANTA CECILIA,PARDA,BRASIL,560
PENHA,RECUSOU INFORMA,BRASIL,560
PEDREIRA,NÃO DECLARADA,BRASIL,560
BUTANTA,PARDA,BRASIL,556
IGUATEMI,NÃO DECLARADA,BRASIL,553
BOM RETIRO,PARDA,BRASIL,549
CAMPO LIMPO,NÃO DECLARADA,BRASIL,549
VILA SONIA,RECUSOU INFORMA,BRASIL,546
PIRITUBA,RECUSOU INFORMA,BRASIL,533
PARI,PARDA,BRASIL,531
LAJEADO,PRETA,BRASIL,529
IGUATEMI,PRETA,BRASIL,526
IPIRANGA,RECUSOU INFORMA,BRASIL,521
LAPA,BRANCA,BRASIL,519
GRAJAU,NÃO DECLARADA,BRASIL,507
CARRAO,PARDA,BRASIL,506
CANGAIBA,NÃO DECLARADA,BRASIL,496
TUCURUVI,PARDA,BRASIL,467
SAO RAFAEL,NÃO DECLARADA,BRASIL,466
SANTA CECILIA,RECUSOU INFORMA,BRASIL,463
SACOMA,PRETA,BRASIL,453
CAMPO BELO,PARDA,BRASIL,449
CIDADE ADEMAR,PRETA,BRASIL,436
SAO RAFAEL,PRETA,BRASIL,434
BRAS,BRANCA,BRASIL,431
JAGUARA,RECUSOU INFORMA,BRASIL,424
CIDADE DUTRA,PRETA,BRASIL,417
PARI,BRANCA,BRASIL,415
VILA PRUDENTE,RECUSOU INFORMA,BRASIL,412
AGUA RASA,PARDA,BRASIL,412
ARICANDUVA,RECUSOU INFORMA,BRASIL,406
MOEMA,BRANCA,BRASIL,399
VILA MATILDE,RECUSOU INFORMA,BRASIL,395
PERUS,PRETA,BRASIL,394
VILA GUILHERME,PARDA,BRASIL,393
CACHOEIRINHA,PRETA,BRASIL,390
ITAQUERA,PRETA,BRASIL,382
SANTO AMARO,PARDA,BRASIL,379
VILA CURUCA,PRETA,BRASIL,378
TUCURUVI,RECUSOU INFORMA,BRASIL,373
CIDADE LIDER,PRETA,BRASIL,368
CAMBUCI,BRANCA,BRASIL,367
ITAIM PAULISTA,PRETA,BRASIL,362
PONTE RASA,RECUSOU INFORMA,BRASIL,361
VILA ANDRADE,NÃO DECLARADA,BRASIL,358
VILA FORMOSA,PARDA,BRASIL,358
SE,BRANCA,BRASIL,352
TREMEMBE,PRETA,BRASIL,352
VILA LEOPOLDINA,PARDA,BRASIL,347
CIDADE ADEMAR,NÃO DECLARADA,BRASIL,347
PERUS,PRETA,HAITI,347
JOSE BONIFACIO,PRETA,BRASIL,342
MORUMBI,RECUSOU INFORMA,BRASIL,338
MOOCA,PARDA,BRASIL,338
RAPOSO TAVARES,PRETA,BRASIL,337
CAMPO GRANDE,RECUSOU INFORMA,BRASIL,336
VILA JACUI,NÃO DECLARADA,BRASIL,335
VILA FORMOSA,RECUSOU INFORMA,BRASIL,334
SAUDE,PARDA,BRASIL,331
PARELHEIROS,PRETA,BRASIL,327
JARDIM HELENA,PRETA,BRASIL,322
PERUS,NÃO DECLARADA,BRASIL,320
CANGAIBA,PRETA,BRASIL,319
JABAQUARA,PRETA,BRASIL,310
JAGUARE,RECUSOU INFORMA,BRASIL,306
JAGUARA,PARDA,BRASIL,303
FREGUESIA DO O,PRETA,BRASIL,296
VILA JACUI,PRETA,BRASIL,290
BUTANTA,RECUSOU INFORMA,BRASIL,290
CARRAO,RECUSOU INFORMA,BRASIL,290
SE,PARDA,BRASIL,287
VILA MEDEIROS,PRETA,BRASIL,276
CAPAO REDONDO,NÃO DECLARADA,BRASIL,274
ITAIM BIBI,BRANCA,BRASIL,271
JACANA,PRETA,BRASIL,268
MARSILAC,BRANCA,BRASIL,265
SAO DOMINGOS,RECUSOU INFORMA,BRASIL,263
ALTO DE PINHEIROS,BRANCA,BRASIL,263
PEDREIRA,PRETA,BRASIL,255
CONSOLACAO,BRANCA,BRASIL,253
TATUAPE,RECUSOU INFORMA,BRASIL,244
LAJEADO,AMARELA,BRASIL,244
CURSINO,RECUSOU INFORMA,BRASIL,244
BRAS,PARDA,BRASIL,243
LIMAO,PRETA,BRASIL,239
LIBERDADE,PARDA,BRASIL,238
VILA ANDRADE,PRETA,BRASIL,236
SAUDE,RECUSOU INFORMA,BRASIL,235
SAO MATEUS,PRETA,BRASIL,235
MANDAQUI,RECUSOU INFORMA,BRASIL,227
JARDIM HELENA,NÃO DECLARADA,BRASIL,227
SAO RAFAEL,AMARELA,BRASIL,224
VILA MARIANA,PARDA,BRASIL,224
REPUBLICA,BRANCA,BRASIL,224
SANTANA,PARDA,BRASIL,223
ANHANGUERA,NÃO DECLARADA,BRASIL,223
GUAIANASES,PRETA,BRASIL,217
RIO PEQUENO,PRETA,BRASIL,216
CAMPO BELO,RECUSOU INFORMA,BRASIL,212
PENHA,NÃO DECLARADA,BRASIL,211
MARSILAC,PARDA,BRASIL,211
JACANA,NÃO DECLARADA,BRASIL,210
ERMELINO MATARAZZO,PRETA,BRASIL,207
PARELHEIROS,NÃO DECLARADA,BRASIL,205
SANTANA,RECUSOU INFORMA,BRASIL,199
PERDIZES,PARDA,BRASIL,199
VILA GUILHERME,RECUSOU INFORMA,BRASIL,196
VILA LEOPOLDINA,RECUSOU INFORMA,BRASIL,189
ARTUR ALVIM,PRETA,BRASIL,186
PIRITUBA,PRETA,BRASIL,185
VILA MARIA,PARDA,BOLÍVIA,185
SACOMA,NÃO DECLARADA,BRASIL,185
ANHANGUERA,PRETA,BRASIL,183
SAO DOMINGOS,PRETA,BRASIL,183
VILA MATILDE,PRETA,BRASIL,182
BARRA FUNDA,BRANCA,BRASIL,178
BELEM,RECUSOU INFORMA,BRASIL,175
ARTUR ALVIM,NÃO DECLARADA,BRASIL,173
BELA VISTA,PRETA,BRASIL,172
CACHOEIRINHA,NÃO DECLARADA,BRASIL,167
CAMBUCI,PARDA,BRASIL,164
RAPOSO TAVARES,NÃO DECLARADA,BRASIL,164
CIDADE TIRADENTES,N�O DECLARADA,BRASIL,162
PARELHEIROS,INDIGENA,BRASIL,159
SAO MATEUS,NÃO DECLARADA,BRASIL,155
ITAIM BIBI,PARDA,BRASIL,154
CASA VERDE,RECUSOU INFORMA,BRASIL,154
VILA MEDEIROS,PARDA,BOLÍVIA,151
JARDIM SAO LUIS,NÃO DECLARADA,BRASIL,146
LAPA,PARDA,BRASIL,146
PINHEIROS,BRANCA,BRASIL,143
PARI,RECUSOU INFORMA,BRASIL,141
PONTE RASA,PRETA,BRASIL,140
JARDIM ANGELA,AMARELA,BRASIL,140
BELA VISTA,RECUSOU INFORMA,BRASIL,139
MOOCA,RECUSOU INFORMA,BRASIL,134
IPIRANGA,PRETA,BRASIL,132
IPIRANGA,NÃO DECLARADA,BRASIL,130
CIDADE TIRADENTES,AMARELA,BRASIL,129
BELEM,NÃO DECLARADA,BRASIL,128
AGUA RASA,RECUSOU INFORMA,BRASIL,126
GRAJAU,AMARELA,BRASIL,125
MOEMA,PARDA,BRASIL,123
VILA MARIA,PRETA,BRASIL,122
BOM RETIRO,NÃO DECLARADA,BRASIL,120
REPUBLICA,PARDA,BRASIL,120
MANDAQUI,PRETA,BRASIL,119
SAO LUCAS,PRETA,BRASIL,119
SAO MIGUEL,NÃO DECLARADA,BRASIL,118
CASA VERDE,PRETA,BRASIL,117
CAMPO LIMPO,AMARELA,BRASIL,114
JABAQUARA,NÃO DECLARADA,BRASIL,114
PENHA,PRETA,BRASIL,111
CANGAIBA,AMARELA,BRASIL,110
JARAGUA,INDIGENA,BRASIL,108
JOSE BONIFACIO,NÃO DECLARADA,BRASIL,107
SAO MIGUEL,PRETA,BRASIL,107
CONSOLACAO,PARDA,BRASIL,106
CAPAO REDONDO,AMARELA,BRASIL,105
TREMEMBE,NÃO DECLARADA,BRASIL,103
PARQUE DO CARMO,PRETA,BRASIL,102
CARRAO,PRETA,BRASIL,100
VILA MARIANA,RECUSOU INFORMA,BRASIL,100
TATUAPE,PRETA,BRASIL,100
FREGUESIA DO O,NÃO DECLARADA,BRASIL,97
VILA SONIA,PRETA,BRASIL,94
ALTO DE PINHEIROS,PARDA,BRASIL,94
VILA CURUCA,AMARELA,BRASIL,94
BARRA FUNDA,PARDA,BRASIL,91
GUAIANASES,NÃO DECLARADA,BRASIL,89
JARDIM ANGELA,N�O DECLARADA,BRASIL,89
ERMELINO MATARAZZO,AMARELA,BRASIL,88
LAJEADO,N�O DECLARADA,BRASIL,88
ITAQUERA,AMARELA,BRASIL,88
JARDIM PAULISTA,BRANCA,BRASIL,88
VILA MEDEIROS,RECUSOU INFORMA,BOLÍVIA,87
CIDADE ADEMAR,AMARELA,BRASIL,87
REPUBLICA,RECUSOU INFORMA,BRASIL,86
CAMPO GRANDE,PRETA,BRASIL,86
JARAGUA,AMARELA,BRASIL,84
CAMBUCI,RECUSOU INFORMA,BRASIL,83
CIDADE DUTRA,NÃO DECLARADA,BRASIL,82
SANTA CECILIA,PRETA,BRASIL,82
CURSINO,NÃO DECLARADA,BRASIL,82
SE,RECUSOU INFORMA,BRASIL,81
TUCURUVI,PRETA,BRASIL,81
JARDIM HELENA,AMARELA,BRASIL,81
BUTANTA,PRETA,BRASIL,81
ARICANDUVA,PRETA,BRASIL,79
VILA PRUDENTE,PRETA,BRASIL,78
LIMAO,PARDA,BOLÍVIA,78
JAGUARE,PRETA,BRASIL,78
JARAGUA,N�O DECLARADA,BRASIL,77
SAPOPEMBA,AMARELA,BRASIL,75
BRASILANDIA,AMARELA,BRASIL,75
ITAIM PAULISTA,AMARELA,BRASIL,74
SANTO AMARO,RECUSOU INFORMA,BRASIL,74
CASA VERDE,AMARELA,BRASIL,73
CURSINO,PRETA,BRASIL,73
ANHANGUERA,N�O DECLARADA,BRASIL,73
BOM RETIRO,RECUSOU INFORMA,BRASIL,73
MORUMBI,PRETA,BRASIL,72
SAO DOMINGOS,NÃO DECLARADA,BRASIL,72
MORUMBI,NÃO DECLARADA,BRASIL,72
CIDADE DUTRA,AMARELA,BRASIL,72
CIDADE LIDER,AMARELA,BRASIL,71
CANGAIBA,N�O DECLARADA,BRASIL,71
CACHOEIRINHA,N�O DECLARADA,BRASIL,71
VILA MEDEIROS,NÃO DECLARADA,BRASIL,70
BELA VISTA,NÃO DECLARADA,BRASIL,69
VILA MARIA,RECUSOU INFORMA,BOLÍVIA,68
SOCORRO,PRETA,BRASIL,68
LIBERDADE,RECUSOU INFORMA,BRASIL,66
CONSOLACAO,RECUSOU INFORMA,BRASIL,66
BRAS,RECUSOU INFORMA,BRASIL,65
JARDIM SAO LUIS,AMARELA,BRASIL,65
SANTANA,PRETA,BRASIL,64
CIDADE LIDER,NÃO DECLARADA,BRASIL,64
SANTA CECILIA,NÃO DECLARADA,BRASIL,64
SAO RAFAEL,PRETA,HAITI,63
SACOMA,AMARELA,BRASIL,63
BELA VISTA,PRETA,ANGOLA,62
JARDIM HELENA,N�O DECLARADA,BRASIL,61
LIMAO,NÃO DECLARADA,BRASIL,61
RIO PEQUENO,NÃO DECLARADA,BRASIL,60
VILA ANDRADE,AMARELA,BRASIL,60
ERMELINO MATARAZZO,NÃO DECLARADA,BRASIL,60
FREGUESIA DO O,AMARELA,BRASIL,60
SAO DOMINGOS,N�O DECLARADA,BRASIL,60
VILA MARIA,AMARELA,BRASIL,59
LIBERDADE,PRETA,BRASIL,58
ARICANDUVA,N�O DECLARADA,BRASIL,58
ANHANGUERA,AMARELA,BRASIL,58
IGUATEMI,AMARELA,BRASIL,58
SAUDE,PRETA,BRASIL,58
VILA GUILHERME,PRETA,BRASIL,58
RAPOSO TAVARES,AMARELA,BRASIL,57
SACOMA,N�O DECLARADA,BRASIL,56
VILA MEDEIROS,INDIGENA,BRASIL,55
SAUDE,NÃO DECLARADA,BRASIL,55
PARI,PRETA,BRASIL,55
VILA PRUDENTE,NÃO DECLARADA,BRASIL,55
MOOCA,AMARELA,BRASIL,55
CANGAIBA,PARDA,BOLÍVIA,54
PERUS,AMARELA,BRASIL,54
VILA ANDRADE,N�O DECLARADA,BRASIL,54
PENHA,AMARELA,BRASIL,53
BOM RETIRO,PRETA,BRASIL,53
VILA JACUI,AMARELA,BRASIL,52
MOEMA,NÃO DECLARADA,BRASIL,52
VILA GUILHERME,PARDA,BOLÍVIA,52
SAO RAFAEL,N�O DECLARADA,BRASIL,52
TREMEMBE,AMARELA,BRASIL,52
PEDREIRA,AMARELA,BRASIL,51
ARICANDUVA,NÃO DECLARADA,BRASIL,50
JAGUARE,AMARELA,BRASIL,50
CANGAIBA,INDIGENA,BRASIL,48
VILA MEDEIROS,AMARELA,BRASIL,48
CAMPO BELO,PRETA,BRASIL,48
BELEM,PARDA,BOLÍVIA,48
TREMEMBE,PARDA,BOLÍVIA,48
CASA VERDE,PARDA,BOLÍVIA,47
VILA FORMOSA,PRETA,BRASIL,47
TATUAPE,INDIGENA,BRASIL,46
MORUMBI,AMARELA,BRASIL,46
CACHOEIRINHA,AMARELA,BRASIL,46
SANTO AMARO,PRETA,BRASIL,45
TATUAPE,NÃO DECLARADA,BRASIL,45
LIMAO,AMARELA,BRASIL,44
ARTUR ALVIM,AMARELA,BRASIL,43
SANTO AMARO,NÃO DECLARADA,BRASIL,43
REPUBLICA,PRETA,BRASIL,43
CAMPO LIMPO,N�O DECLARADA,BRASIL,43
PARELHEIROS,AMARELA,BRASIL,43
JACANA,PARDA,BOLÍVIA,42
TATUAPE,AMARELA,BRASIL,42
VILA MATILDE,AMARELA,BRASIL,42
PERDIZES,NÃO DECLARADA,BRASIL,41
CANGAIBA,PRETA,HAITI,41
SAPOPEMBA,PRETA,ANGOLA,41
VILA MARIA,NÃO DECLARADA,BRASIL,41
CAPAO REDONDO,N�O DECLARADA,BRASIL,40
SAO LUCAS,AMARELA,BRASIL,39
SE,PRETA,BRASIL,39
VILA CURUCA,N�O DECLARADA,BRASIL,39
PERUS,N�O DECLARADA,BRASIL,39
GUAIANASES,AMARELA,BRASIL,39
VILA MARIANA,NÃO DECLARADA,BRASIL,39
CIDADE TIRADENTES,INDIGENA,BRASIL,39
BOM RETIRO,AMARELA,BRASIL,39
MOOCA,PRETA,BRASIL,39
AGUA RASA,PRETA,BRASIL,39
CIDADE DUTRA,N�O DECLARADA,BRASIL,38
BRAS,PRETA,BRASIL,38
VILA LEOPOLDINA,PRETA,BRASIL,38
PERDIZES,RECUSOU INFORMA,BRASIL,37
SAO MATEUS,PRETA,HAITI,37
JACANA,AMARELA,BRASIL,37
JOSE BONIFACIO,AMARELA,BRASIL,36
PINHEIROS,PARDA,BRASIL,36
CAMBUCI,PRETA,BRASIL,36
SAUDE,AMARELA,BRASIL,36
VILA JACUI,PARDA,BOLÍVIA,36
SAPOPEMBA,PARDA,VENEZUELA,36
AGUA RASA,AMARELA,BRASIL,35
SAPOPEMBA,RECUSOU INFORMA,VENEZUELA,35
SOCORRO,RECUSOU INFORMA,BRASIL,35
JARDIM PAULISTA,PARDA,BRASIL,35
SAO LUCAS,NÃO DECLARADA,BRASIL,34
JAGUARA,PRETA,BRASIL,34
SAO MATEUS,AMARELA,BRASIL,34
GRAJAU,N�O DECLARADA,BRASIL,34
VILA MARIA,BRANCA,BOLÍVIA,34
TUCURUVI,NÃO DECLARADA,BRASIL,34
BELEM,PRETA,BRASIL,34
CIDADE DUTRA,PARDA,VENEZUELA,34
LAPA,RECUSOU INFORMA,BRASIL,34
IPIRANGA,AMARELA,BRASIL,33
LIMAO,RECUSOU INFORMA,BOLÍVIA,33
PERDIZES,PRETA,BRASIL,33
VILA MARIANA,PRETA,BRASIL,33
BARRA FUNDA,RECUSOU INFORMA,BRASIL,33
CACHOEIRINHA,PARDA,BOLÍVIA,33
JABAQUARA,AMARELA,BRASIL,33
PINHEIROS,RECUSOU INFORMA,BRASIL,33
CASA VERDE,AMARELA,BOLÍVIA,32
GRAJAU,INDIGENA,BRASIL,32
RIO PEQUENO,N�O DECLARADA,BRASIL,32
CARRAO,AMARELA,BRASIL,32
CIDADE ADEMAR,N�O DECLARADA,BRASIL,31
SAO MIGUEL,AMARELA,BRASIL,31
VILA GUILHERME,AMARELA,BRASIL,31
BELEM,AMARELA,BRASIL,31
CONSOLACAO,PRETA,ANGOLA,30
SACOMA,BRANCA,VENEZUELA,30
LAJEADO,PARDA,BOLÍVIA,30
LAPA,PRETA,BRASIL,29
BELA VISTA,AMARELA,BRASIL,29
BRASILANDIA,N�O DECLARADA,BRASIL,29
ITAIM BIBI,RECUSOU INFORMA,BRASIL,29
SAO LUCAS,PARDA,VENEZUELA,29
VILA PRUDENTE,AMARELA,BRASIL,29
VILA GUILHERME,PARDA,BOL�VIA,28
VILA GUILHERME,RECUSOU INFORMA,BOLÍVIA,28
PARI,NÃO DECLARADA,BRASIL,28
SANTA CECILIA,AMARELA,BRASIL,28
VILA JACUI,BRANCA,BOLÍVIA,28
JARDIM ANGELA,INDIGENA,BRASIL,27
BOM RETIRO,PARDA,BOLÍVIA,27
CASA VERDE,NÃO DECLARADA,BRASIL,27
BELEM,PARDA,BOL�VIA,27
BELEM,INDIGENA,BRASIL,27
ITAIM PAULISTA,N�O DECLARADA,BRASIL,27
JARDIM SAO LUIS,N�O DECLARADA,BRASIL,27
CIDADE LIDER,N�O DECLARADA,BRASIL,27
VILA JACUI,INDIGENA,BRASIL,27
CAPAO REDONDO,INDIGENA,BRASIL,26
MARSILAC,NÃO DECLARADA,BRASIL,26
AGUA RASA,NÃO DECLARADA,BRASIL,26
LIMAO,INDIGENA,BRASIL,26
PIRITUBA,AMARELA,BRASIL,26
CACHOEIRINHA,RECUSOU INFORMA,BOLÍVIA,26
CAMBUCI,NÃO DECLARADA,BRASIL,25
SOCORRO,AMARELA,BRASIL,25
VILA MEDEIROS,INDIGENA,BOLÍVIA,25
LIBERDADE,NÃO DECLARADA,BRASIL,24
VILA MEDEIROS,BRANCA,PARAGUAI,24
BRASILANDIA,PARDA,BOLÍVIA,24
BOM RETIRO,INDIGENA,BRASIL,24
SAPOPEMBA,N�O DECLARADA,BRASIL,24
VILA GUILHERME,RECUSOU INFORMA,BOL�VIA,24
JAGUARA,NÃO DECLARADA,BRASIL,24
CURSINO,AMARELA,BRASIL,24
PONTE RASA,NÃO DECLARADA,BRASIL,23
RIO PEQUENO,AMARELA,BRASIL,23
CANGAIBA,RECUSOU INFORMA,BOLÍVIA,23
TATUAPE,PARDA,BOLÍVIA,23
VILA MATILDE,NÃO DECLARADA,BRASIL,23
BUTANTA,AMARELA,BRASIL,23
VILA SONIA,AMARELA,BRASIL,23
VILA SONIA,NÃO DECLARADA,BRASIL,23
LAPA,AMARELA,BRASIL,22
VILA LEOPOLDINA,AMARELA,BRASIL,22
RAPOSO TAVARES,N�O DECLARADA,BRASIL,22
MOEMA,PRETA,BRASIL,22
GRAJAU,PARDA,VENEZUELA,22
PENHA,INDIGENA,BRASIL,22
VILA MARIANA,AMARELA,BRASIL,22
PONTE RASA,AMARELA,BRASIL,22
BOM RETIRO,BRANCA,PARAGUAI,22
LAJEADO,INDIGENA,BRASIL,21
TUCURUVI,AMARELA,BRASIL,21
MORUMBI,N�O DECLARADA,BRASIL,21
SAO MATEUS,N�O DECLARADA,BRASIL,21
VILA GUILHERME,NÃO DECLARADA,BRASIL,21
VILA MARIA,INDIGENA,BRASIL,21
PARI,PARDA,BOLÍVIA,21
PARQUE DO CARMO,AMARELA,BRASIL,21
ITAIM BIBI,PRETA,BRASIL,20
CIDADE TIRADENTES,PARDA,BOLÍVIA,20
CAMPO LIMPO,INDIGENA,BRASIL,20
VILA MARIA,PARDA,BOL�VIA,20
CIDADE LIDER,INDIGENA,BRASIL,20
CACHOEIRINHA,INDIGENA,BRASIL,20
TREMEMBE,RECUSOU INFORMA,BOLÍVIA,20
JABAQUARA,N�O DECLARADA,BRASIL,20
PARI,PRETA,ANGOLA,20
PONTE RASA,INDIGENA,BRASIL,19
CARRAO,NÃO DECLARADA,BRASIL,19
MANDAQUI,AMARELA,BRASIL,19
VILA MEDEIROS,BRANCA,BOLÍVIA,19
MORUMBI,INDIGENA,BRASIL,19
JACANA,INDIGENA,BRASIL,19
REPUBLICA,PRETA,ANGOLA,19
PARI,N�O DECLARADA,BRASIL,19
TUCURUVI,INDIGENA,BRASIL,19
JACANA,RECUSOU INFORMA,BOLÍVIA,19
BOM RETIRO,BRANCA,BOLÍVIA,19
VILA MEDEIROS,PARDA,PARAGUAI,19
SAO RAFAEL,RECUSOU INFORMA,VENEZUELA,18
MOEMA,RECUSOU INFORMA,BRASIL,18
ALTO DE PINHEIROS,RECUSOU INFORMA,BRASIL,18
SANTA CECILIA,INDIGENA,BRASIL,18
VILA MATILDE,N�O DECLARADA,BRASIL,18
BARRA FUNDA,NÃO DECLARADA,BRASIL,18
CONSOLACAO,PRETA,BRASIL,18
JACANA,N�O DECLARADA,BRASIL,18
PERUS,INDIGENA,BRASIL,18
VILA MEDEIROS,PARDA,BOL�VIA,18
FREGUESIA DO O,PARDA,BOLÍVIA,18
IGUATEMI,INDIGENA,BRASIL,18
CASA VERDE,INDIGENA,BRASIL,18
LAJEADO,PRETA,HAITI,18
JARDIM HELENA,INDIGENA,BRASIL,18
JARDIM PAULISTA,RECUSOU INFORMA,BRASIL,17
SAO LUCAS,BRANCA,VENEZUELA,17
BRASILANDIA,INDIGENA,BRASIL,17
LIMAO,BRANCA,BOLÍVIA,17
VILA JACUI,RECUSOU INFORMA,BOLÍVIA,17
CANGAIBA,PRETA,ANGOLA,17
ITAQUERA,INDIGENA,BRASIL,17
SANTA CECILIA,PRETA,ANGOLA,17
ERMELINO MATARAZZO,INDIGENA,BRASIL,17
SAPOPEMBA,BRANCA,VENEZUELA,17
IGUATEMI,PARDA,BOLÍVIA,17
PENHA,PRETA,ANGOLA,17
PONTE RASA,N�O DECLARADA,BRASIL,17
SACOMA,PARDA,VENEZUELA,17
FREGUESIA DO O,INDIGENA,BRASIL,16
PENHA,PARDA,BOLÍVIA,16
CASA VERDE,RECUSOU INFORMA,BOLÍVIA,16
TREMEMBE,PARDA,BOL�VIA,16
TATUAPE,PARDA,BOL�VIA,16
SAO DOMINGOS,AMARELA,BRASIL,16
VILA ANDRADE,,BRASIL,16
CASA VERDE,PARDA,BOL�VIA,16
TUCURUVI,RECUSOU INFORMA,BOLÍVIA,16
TREMEMBE,INDIGENA,BRASIL,15
VILA LEOPOLDINA,NÃO DECLARADA,BRASIL,15
ARICANDUVA,AMARELA,BRASIL,15
ITAQUERA,BRANCA,BOLÍVIA,15
BELEM,RECUSOU INFORMA,BOLÍVIA,15
BRAS,AMARELA,BRASIL,15
JARDIM SAO LUIS,RECUSOU INFORMA,VENEZUELA,15
CAMPO BELO,N�O DECLARADA,BRASIL,15
BARRA FUNDA,PRETA,BRASIL,15
SE,PRETA,ANGOLA,15
GRAJAU,BRANCA,VENEZUELA,15
CAMPO BELO,NÃO DECLARADA,BRASIL,15
CAMPO GRANDE,AMARELA,BRASIL,15
PARQUE DO CARMO,NÃO DECLARADA,BRASIL,14
PARI,AMARELA,BRASIL,14
MOOCA,INDIGENA,BRASIL,14
SANTANA,PRETA,ANGOLA,14
PIRITUBA,NÃO DECLARADA,BRASIL,14
SANTA CECILIA,PARDA,BOLÍVIA,14
MARSILAC,PRETA,BRASIL,14
SANTA CECILIA,RECUSOU INFORMA,BOLÍVIA,13
ALTO DE PINHEIROS,NÃO DECLARADA,BRASIL,13
SANTANA,PARDA,BOLÍVIA,13
SOCORRO,NÃO DECLARADA,BRASIL,13
ERMELINO MATARAZZO,PARDA,BOLÍVIA,13
JOSE BONIFACIO,PRETA,ANGOLA,13
PARI,PRETA,NIGÉRIA,13
SACOMA,,BRASIL,13
CAMPO LIMPO,PRETA,HAITI,13
BRASILANDIA,,BRASIL,13
SAO LUCAS,RECUSOU INFORMA,VENEZUELA,13
SAO RAFAEL,,BRASIL,13
ALTO DE PINHEIROS,PRETA,BRASIL,13
SAO RAFAEL,PARDA,VENEZUELA,13
CIDADE ADEMAR,INDIGENA,BRASIL,12
VILA MATILDE,PARDA,VENEZUELA,12
SACOMA,INDIGENA,BRASIL,12
IGUATEMI,,BRASIL,12
CAMPO GRANDE,NÃO DECLARADA,BRASIL,12
VILA JACUI,N�O DECLARADA,BRASIL,12
BELEM,PRETA,ANGOLA,12
TATUAPE,AMARELA,BOLÍVIA,12
PEDREIRA,INDIGENA,BRASIL,12
JAGUARE,N�O DECLARADA,BRASIL,12
TREMEMBE,BRANCA,BOLÍVIA,12
SE,AMARELA,BRASIL,12
CANGAIBA,BRANCA,BOLÍVIA,12
TUCURUVI,PARDA,BOLÍVIA,12
BELEM,AMARELA,BOLÍVIA,12
PONTE RASA,PARDA,BOLÍVIA,12
CANGAIBA,RECUSOU INFORMA,BOL�VIA,12
BRASILANDIA,BRANCA,BOLÍVIA,12
SAPOPEMBA,INDIGENA,BRASIL,12
SAO MATEUS,PARDA,VENEZUELA,12
SANTANA,AMARELA,BRASIL,11
VILA MATILDE,INDIGENA,BRASIL,11
CAMPO LIMPO,BRANCA,VENEZUELA,11
JOSE BONIFACIO,N�O DECLARADA,BRASIL,11
CACHOEIRINHA,INDIGENA,BOLÍVIA,11
SANTO AMARO,AMARELA,BRASIL,11
JOSE BONIFACIO,PRETA,HAITI,11
LAJEADO,BRANCA,BOLÍVIA,11
IGUATEMI,PARDA,VENEZUELA,11
SAO LUCAS,PRETA,ANGOLA,11
SAO MATEUS,BRANCA,VENEZUELA,11
JARAGUA,,BRASIL,11
LAPA,NÃO DECLARADA,BRASIL,11
JARAGUA,PARDA,VENEZUELA,11
SACOMA,RECUSOU INFORMA,VENEZUELA,11
LIMAO,INDIGENA,BOLÍVIA,11
PERDIZES,AMARELA,BRASIL,11
TATUAPE,N�O DECLARADA,BRASIL,11
JARDIM SAO LUIS,PARDA,VENEZUELA,11
CANGAIBA,PARDA,BOL�VIA,11
GRAJAU,PRETA,ANGOLA,11
VILA GUILHERME,BRANCA,BOLÍVIA,11
SAO RAFAEL,PRETA,VENEZUELA,10
ITAQUERA,PARDA,BOLÍVIA,10
LIBERDADE,AMARELA,BRASIL,10
VILA CURUCA,INDIGENA,BRASIL,10
VILA MEDEIROS,N�O DECLARADA,BRASIL,10
SAO RAFAEL,BRANCA,VENEZUELA,10
CANGAIBA,AMARELA,BOLÍVIA,10
FREGUESIA DO O,N�O DECLARADA,BRASIL,10
PERUS,PARDA,BOLÍVIA,10
VILA MATILDE,PRETA,ANGOLA,10
BOM RETIRO,PARDA,PARAGUAI,10
TUCURUVI,RECUSOU INFORMA,BOL�VIA,10
JAGUARE,,BRASIL,10
SAO DOMINGOS,,BRASIL,10
CASA VERDE,INDIGENA,BOLÍVIA,10
JARAGUA,PARDA,BOLÍVIA,10
CAMBUCI,AMARELA,BRASIL,10
RAPOSO TAVARES,INDIGENA,BRASIL,10
IGUATEMI,N�O DECLARADA,BRASIL,10
GRAJAU,RECUSOU INFORMA,VENEZUELA,10
IGUATEMI,PRETA,HAITI,9
PONTE RASA,PARDA,BOL�VIA,9
CASA VERDE,BRANCA,BOLÍVIA,9
JARDIM PAULISTA,PRETA,BRASIL,9
BRASILANDIA,RECUSOU INFORMA,BOLÍVIA,9
VILA GUILHERME,INDIGENA,BRASIL,9
SAO MIGUEL,INDIGENA,BRASIL,9
PIRITUBA,PARDA,BOLÍVIA,9
BRAS,INDIGENA,BRASIL,9
SAO RAFAEL,PARDA,BOLÍVIA,9
ALTO DE PINHEIROS,AMARELA,BRASIL,9
AGUA RASA,PARDA,BOL�VIA,9
CACHOEIRINHA,BRANCA,BOLÍVIA,9
JACANA,BRANCA,BOLÍVIA,9
PERUS,RECUSOU INFORMA,HAITI,9
CAMBUCI,INDIGENA,BRASIL,9
AGUA RASA,PARDA,BOLÍVIA,9
GRAJAU,,BRASIL,9
VILA MARIA,BRANCA,PARAGUAI,9
VILA MARIA,INDIGENA,BOLÍVIA,9
MARSILAC,RECUSOU INFORMA,BRASIL,9
ERMELINO MATARAZZO,PRETA,HAITI,9
CAMBUCI,PARDA,BOLÍVIA,9
SAPOPEMBA,,BRASIL,9
JOSE BONIFACIO,RECUSOU INFORMA,BOLÍVIA,9
IGUATEMI,RECUSOU INFORMA,VENEZUELA,9
LIMAO,AMARELA,BOLÍVIA,9
CONSOLACAO,AMARELA,BRASIL,9
RAPOSO TAVARES,PARDA,VENEZUELA,9
CIDADE DUTRA,BRANCA,VENEZUELA,9
ANHANGUERA,PRETA,HAITI,8
ITAIM PAULISTA,INDIGENA,BRASIL,8
CANGAIBA,INDIGENA,BOLÍVIA,8
BELA VISTA,,BRASIL,8
CAPAO REDONDO,,BRASIL,8
BELEM,BRANCA,BOLÍVIA,8
PARI,RECUSOU INFORMA,VENEZUELA,8
ITAQUERA,RECUSOU INFORMA,ANGOLA,8
BELA VISTA,PRETA,GUINÉ BISSAU,8
CIDADE TIRADENTES,AMARELA,BOLÍVIA,8
VILA PRUDENTE,BRANCA,BOLÍVIA,8
GRAJAU,BRANCA,ARGENTINA,8
VILA MEDEIROS,RECUSOU INFORMA,PARAGUAI,8
SAO RAFAEL,BRANCA,BOLÍVIA,8
JARAGUA,PRETA,HAITI,8
BUTANTA,NÃO DECLARADA,BRASIL,8
VILA FORMOSA,AMARELA,BRASIL,8
MOOCA,PARDA,BOLÍVIA,8
CIDADE ADEMAR,,BRASIL,8
MANDAQUI,PARDA,BOLÍVIA,8
SAO MIGUEL,BRANCA,BOLÍVIA,8
JARDIM SAO LUIS,INDIGENA,BRASIL,8
VILA ANDRADE,INDIGENA,BRASIL,8
CANGAIBA,,BRASIL,8
MOEMA,AMARELA,BRASIL,8
JARDIM ANGELA,,BRASIL,8
CIDADE TIRADENTES,,BRASIL,8
CIDADE LIDER,BRANCA,BOLÍVIA,8
SANTANA,RECUSOU INFORMA,BOLÍVIA,8
CURSINO,PARDA,VENEZUELA,8
CIDADE ADEMAR,PRETA,ANGOLA,8
CIDADE DUTRA,INDIGENA,BRASIL,8
SE,PARDA,BOLÍVIA,7
CIDADE DUTRA,PARDA,BOLÍVIA,7
FREGUESIA DO O,RECUSOU INFORMA,BOLÍVIA,7
CACHOEIRINHA,AMARELA,BOLÍVIA,7
ERMELINO MATARAZZO,N�O DECLARADA,BRASIL,7
CAMPO LIMPO,PARDA,VENEZUELA,7
JARDIM PAULISTA,NÃO DECLARADA,BRASIL,7
TATUAPE,RECUSOU INFORMA,BOL�VIA,7
CIDADE LIDER,RECUSOU INFORMA,BOLÍVIA,7
CIDADE LIDER,,BRASIL,7
PARELHEIROS,N�O DECLARADA,BRASIL,7
VILA JACUI,INDIGENA,BOLÍVIA,7
SAO DOMINGOS,PARDA,BOLÍVIA,7
SAO DOMINGOS,INDIGENA,BRASIL,7
PENHA,RECUSOU INFORMA,BOLÍVIA,7
LAJEADO,PARDA,VENEZUELA,7
GUAIANASES,INDIGENA,BRASIL,7
JARAGUA,BRANCA,VENEZUELA,7
TATUAPE,,BRASIL,7
TUCURUVI,BRANCA,BOLÍVIA,7
ITAIM PAULISTA,,BRASIL,7
ITAIM BIBI,AMARELA,BRASIL,7
BELEM,PARDA,EQUADOR,7
PARI,BRANCA,AFEGANISTÃO,7
BOM RETIRO,INDIGENA,BOLÍVIA,7
JARDIM SAO LUIS,,BRASIL,7
RAPOSO TAVARES,BRANCA,VENEZUELA,7
SAO RAFAEL,PARDA,HAITI,7
PIRITUBA,INDIGENA,BRASIL,7
LAJEADO,RECUSOU INFORMA,BOLÍVIA,7
PARI,,BRASIL,7
PARELHEIROS,RECUSOU INFORMA,VENEZUELA,6
JARDIM HELENA,PARDA,BOLÍVIA,6
PINHEIROS,AMARELA,BRASIL,6
SAO LUCAS,N�O DECLARADA,BRASIL,6
FREGUESIA DO O,PARDA,BOL�VIA,6
SAPOPEMBA,BRANCA,ARGENTINA,6
SAO LUCAS,BRANCA,AFEGANISTÃO,6
BELEM,PARDA,VENEZUELA,6
JARDIM SAO LUIS,BRANCA,VENEZUELA,6
ITAIM PAULISTA,RECUSOU INFORMA,BOLÍVIA,6
VILA MEDEIROS,PARDA,ARGENTINA,6
LIMAO,PARDA,BOL�VIA,6
RAPOSO TAVARES,,BRASIL,6
PONTE RASA,PARDA,PERU,6
JOSE BONIFACIO,INDIGENA,BRASIL,6
TATUAPE,BRANCA,BOL�VIA,6
VILA MEDEIROS,INDIGENA,BOL�VIA,6
CASA VERDE,BRANCA,PARAGUAI,6
JABAQUARA,INDIGENA,BRASIL,6
PARI,PARDA,BOL�VIA,6
TREMEMBE,N�O DECLARADA,BRASIL,6
PARI,INDIGENA,BRASIL,6
MANDAQUI,RECUSOU INFORMA,BOLÍVIA,6
JARDIM ANGELA,PARDA,BOLÍVIA,6
VILA MARIA,PARDA,VENEZUELA,6
VILA MATILDE,PARDA,PERU,6
TUCURUVI,PARDA,BOL�VIA,6
PENHA,BRANCA,BOLÍVIA,6
VILA MEDEIROS,AMARELA,BOLÍVIA,6
PARI,RECUSOU INFORMA,BOL�VIA,6
BELA VISTA,N�O DECLARADA,BRASIL,6
VILA PRUDENTE,PRETA,HAITI,6
BELA VISTA,INDIGENA,BRASIL,6
GRAJAU,PRETA,GUIN� BISSAU,6
VILA MARIA,AMARELA,BOLÍVIA,6
CANGAIBA,BRANCA,ARGENTINA,6
RIO PEQUENO,BRANCA,VENEZUELA,6
CAMPO LIMPO,,BRASIL,6
VILA FORMOSA,NÃO DECLARADA,BRASIL,6
SANTA CECILIA,PRETA,SENEGAL,6
VILA GUILHERME,BRANCA,BOL�VIA,6
ARTUR ALVIM,PRETA,ANGOLA,6
CAPAO REDONDO,PARDA,BOLÍVIA,6
SAO RAFAEL,INDIGENA,BRASIL,5
VILA MATILDE,PARDA,BOLÍVIA,5
SAO MATEUS,BRANCA,MARROCOS,5
BELEM,PARDA,MARROCOS,5
ITAQUERA,PRETA,ANGOLA,5
VILA MEDEIROS,BRANCA,ARGENTINA,5
PARI,BRANCA,BOLÍVIA,5
IPIRANGA,INDIGENA,BRASIL,5
VILA MATILDE,PARDA,BOL�VIA,5
SAO MIGUEL,RECUSOU INFORMA,BOLÍVIA,5
VILA MEDEIROS,RECUSOU INFORMA,BOL�VIA,5
JAGUARE,PARDA,BOLÍVIA,5
GRAJAU,RECUSOU INFORMA,BOLÍVIA,5
BOM RETIRO,PARDA,PERU,5
JACANA,PARDA,PARAGUAI,5
CIDADE LIDER,PARDA,BOLÍVIA,5
IGUATEMI,BRANCA,BOLÍVIA,5
JARDIM HELENA,,BRASIL,5
BELEM,PARDA,PARAGUAI,5
VILA SONIA,INDIGENA,BRASIL,5
CAPAO REDONDO,BRANCA,VENEZUELA,5
BELEM,BRANCA,PARAGUAI,5
VILA SONIA,BRANCA,VENEZUELA,5
VILA MARIA,PARDA,PARAGUAI,5
BELEM,PARDA,PERU,5
LAJEADO,PRETA,ANGOLA,5
FREGUESIA DO O,,BRASIL,5
FREGUESIA DO O,BRANCA,BOLÍVIA,5
RIO PEQUENO,RECUSOU INFORMA,VENEZUELA,5
ARTUR ALVIM,N�O DECLARADA,BRASIL,5
GRAJAU,PARDA,BOLÍVIA,5
TUCURUVI,INDIGENA,BOLÍVIA,5
CIDADE DUTRA,RECUSOU INFORMA,EGITO,5
ITAQUERA,,BRASIL,5
JARAGUA,BRANCA,BOLÍVIA,5
BOM RETIRO,AMARELA,BOLÍVIA,5
BRASILANDIA,PARDA,VENEZUELA,5
CIDADE DUTRA,,BRASIL,5
CARRAO,BRANCA,VENEZUELA,5
SAO LUCAS,PARDA,BOLÍVIA,5
PARI,PARDA,PARAGUAI,5
CIDADE DUTRA,RECUSOU INFORMA,VENEZUELA,5
ERMELINO MATARAZZO,PARDA,BOL�VIA,5
ITAIM BIBI,NÃO DECLARADA,BRASIL,5
VILA PRUDENTE,PARDA,BOLÍVIA,5
VILA PRUDENTE,INDIGENA,BRASIL,5
SAO MIGUEL,N�O DECLARADA,BRASIL,5
SAO MATEUS,BRANCA,BOLÍVIA,5
RAPOSO TAVARES,PRETA,HAITI,5
ARTUR ALVIM,PARDA,VENEZUELA,5
CIDADE TIRADENTES,BRANCA,BOLÍVIA,5
LAJEADO,PARDA,BOL�VIA,5
VILA PRUDENTE,BRANCA,VENEZUELA,4
CAPAO REDONDO,PARDA,VENEZUELA,4
PENHA,PRETA,NAMÍBIA,4
SACOMA,BRANCA,CUBA,4
BOM RETIRO,PRETA,ANGOLA,4
SAO LUCAS,PRETA,VENEZUELA,4
JACANA,INDIGENA,BOLÍVIA,4
CURSINO,RECUSOU INFORMA,VENEZUELA,4
SANTA CECILIA,RECUSOU INFORMA,ANGOLA,4
LAJEADO,PRETA,NIGÉRIA,4
SAO MATEUS,NÃO DECLARADA,HAITI,4
CIDADE TIRADENTES,PARDA,VENEZUELA,4
JACANA,,BRASIL,4
SAO MATEUS,RECUSOU INFORMA,VENEZUELA,4
CAMPO BELO,AMARELA,BRASIL,4
CAMPO BELO,INDIGENA,BRASIL,4
SAO LUCAS,,BRASIL,4
LIMAO,PRETA,ANGOLA,4
VILA JACUI,PRETA,NIGÉRIA,4
ARTUR ALVIM,INDIGENA,BRASIL,4
TATUAPE,BRANCA,BOLÍVIA,4
VILA GUILHERME,AMARELA,BOL�VIA,4
VILA MEDEIROS,INDIGENA,ARGENTINA,4
JARDIM PAULISTA,AMARELA,BRASIL,4
VILA MEDEIROS,PARDA,VENEZUELA,4
JARDIM HELENA,BRANCA,BOLÍVIA,4
SANTA CECILIA,BRANCA,BOLÍVIA,4
BELEM,INDIGENA,BOLÍVIA,4
RAPOSO TAVARES,RECUSOU INFORMA,BOLÍVIA,4
ERMELINO MATARAZZO,RECUSOU INFORMA,BOLÍVIA,4
JARDIM ANGELA,BRANCA,VENEZUELA,4
RAPOSO TAVARES,AMARELA,BOLÍVIA,4
ANHANGUERA,INDIGENA,BRASIL,4
JOSE BONIFACIO,INDIGENA,BOLÍVIA,4
VILA GUILHERME,RECUSOU INFORMA,VENEZUELA,4
SANTA CECILIA,BRANCA,PARAGUAI,4
JARDIM ANGELA,PARDA,VENEZUELA,4
BRASILANDIA,PRETA,HAITI,4
SANTO AMARO,INDIGENA,BRASIL,4
MANDAQUI,INDIGENA,BRASIL,4
CIDADE LIDER,BRANCA,BOL�VIA,4
CARRAO,PARDA,BOL�VIA,4
BELA VISTA,PRETA,SENEGAL,4
FREGUESIA DO O,RECUSOU INFORMA,PERU,4
REPUBLICA,AMARELA,BRASIL,4
SAO MATEUS,INDIGENA,BRASIL,4
ANHANGUERA,PARDA,VENEZUELA,4
CIDADE ADEMAR,BRANCA,VENEZUELA,4
GUAIANASES,BRANCA,BOLÍVIA,4
GRAJAU,PRETA,HAITI,4
ITAQUERA,RECUSOU INFORMA,BOLÍVIA,4
VILA MARIA,,BRASIL,4
CANGAIBA,PARDA,ARGENTINA,4
VILA GUILHERME,BRANCA,PARAGUAI,4
CIDADE TIRADENTES,RECUSOU INFORMA,BOLÍVIA,4
JARAGUA,RECUSOU INFORMA,BOLÍVIA,4
CACHOEIRINHA,PARDA,BOL�VIA,4
FREGUESIA DO O,AMARELA,BOLÍVIA,4
PIRITUBA,BRANCA,BOLÍVIA,4
SAO MIGUEL,PARDA,BOLÍVIA,4
CANGAIBA,INDIGENA,BOL�VIA,4
JARDIM SAO LUIS,BRANCA,PERU,4
SAPOPEMBA,RECUSOU INFORMA,BOLÍVIA,4
JARAGUA,NÃO DECLARADA,CHILE,4
SAPOPEMBA,PRETA,VENEZUELA,4
VILA MATILDE,RECUSOU INFORMA,BOLÍVIA,4
TUCURUVI,N�O DECLARADA,BRASIL,4
BELEM,RECUSOU INFORMA,BOL�VIA,4
JOSE BONIFACIO,,BRASIL,4
VILA GUILHERME,N�O DECLARADA,BRASIL,4
SAO DOMINGOS,PARDA,VENEZUELA,4
TUCURUVI,,BRASIL,4
ARTUR ALVIM,RECUSOU INFORMA,BOLÍVIA,4
CAPAO REDONDO,PRETA,ANGOLA,4
FREGUESIA DO O,INDIGENA,BOLÍVIA,4
SAPOPEMBA,BRANCA,PARAGUAI,4
BELEM,RECUSOU INFORMA,PARAGUAI,4
VILA PRUDENTE,PRETA,ANGOLA,4
CIDADE DUTRA,BRANCA,BOLÍVIA,4
SAO LUCAS,INDIGENA,BRASIL,4
VILA ANDRADE,PARDA,VENEZUELA,4
SAO RAFAEL,RECUSOU INFORMA,HAITI,4
SAO MATEUS,PARDA,BOLÍVIA,4
CANGAIBA,BRANCA,BOL�VIA,4
PERUS,,BRASIL,4
VILA ANDRADE,RECUSOU INFORMA,VENEZUELA,4
JOSE BONIFACIO,BRANCA,BOLÍVIA,4
GRAJAU,BRANCA,BOLÍVIA,4
IPIRANGA,PARDA,VENEZUELA,3
RIO PEQUENO,INDIGENA,BRASIL,3
CARRAO,PARDA,PERU,3
FREGUESIA DO O,PARDA,VENEZUELA,3
CARRAO,PARDA,BOLÍVIA,3
IPIRANGA,RECUSOU INFORMA,VENEZUELA,3
SACOMA,BRANCA,PARAGUAI,3
BUTANTA,N�O DECLARADA,BRASIL,3
CONSOLACAO,PARDA,VENEZUELA,3
SANTA CECILIA,BRANCA,VENEZUELA,3
JARDIM SAO LUIS,PRETA,HAITI,3
AGUA RASA,BRANCA,BOLÍVIA,3
ITAIM PAULISTA,BRANCA,BOLÍVIA,3
JOSE BONIFACIO,BRANCA,BOL�VIA,3
JOSE BONIFACIO,BRANCA,PARAGUAI,3
SANTANA,NÃO DECLARADA,BRASIL,3
ITAIM PAULISTA,BRANCA,VENEZUELA,3
JOSE BONIFACIO,PARDA,PERU,3
ITAIM PAULISTA,PARDA,BOLÍVIA,3
BRASILANDIA,BRANCA,VENEZUELA,3
SAO DOMINGOS,RECUSOU INFORMA,VENEZUELA,3
SAO LUCAS,BRANCA,BOLÍVIA,3
GRAJAU,BRANCA,AFEGANISTÃO,3
SAO LUCAS,RECUSOU INFORMA,AFEGANISTÃO,3
SAO LUCAS,RECUSOU INFORMA,HAITI,3
LAJEADO,PARDA,QUÊNIA,3
SAO MATEUS,PARDA,BOL�VIA,3
SAO MATEUS,PARDA,HAITI,3
BOM RETIRO,PARDA,VENEZUELA,3
SAO MATEUS,,BRASIL,3
LAPA,INDIGENA,BRASIL,3
CAPAO REDONDO,BRANCA,PORTUGAL,3
BOM RETIRO,BRANCA,VENEZUELA,3
SAO RAFAEL,PARDA,BOL�VIA,3
BOM RETIRO,AMARELA,PARAGUAI,3
CIDADE DUTRA,INDIGENA,BOLÍVIA,3
SAPOPEMBA,PRETA,CONGO,3
LIBERDADE,PRETA,ANGOLA,3
ITAQUERA,PRETA,VENEZUELA,3
BELEM,N�O DECLARADA,BRASIL,3
SAUDE,,BRASIL,3
SE,INDIGENA,BRASIL,3
LIMAO,BRANCA,ARGENTINA,3
BELEM,NÃO DECLARADA,BOLÍVIA,3
SE,PARDA,PERU,3
LIMAO,BRANCA,PERU,3
LIMAO,PARDA,PARAGUAI,3
ITAQUERA,RECUSOU INFORMA,VENEZUELA,3
CANGAIBA,PARDA,PARAGUAI,3
TATUAPE,INDIGENA,BOLÍVIA,3
TATUAPE,INDIGENA,BOL�VIA,3
CIDADE TIRADENTES,INDIGENA,BOL�VIA,3
TATUAPE,PARDA,PARAGUAI,3
TATUAPE,PRETA,ANGOLA,3
CURSINO,BRANCA,ALEMANHA,3
TATUAPE,RECUSOU INFORMA,BOLÍVIA,3
BELA VISTA,RECUSOU INFORMA,ANGOLA,3
TREMEMBE,AMARELA,BOLÍVIA,3
MANDAQUI,NÃO DECLARADA,BRASIL,3
TREMEMBE,BRANCA,BOL�VIA,3
TREMEMBE,BRANCA,VENEZUELA,3
CIDADE DUTRA,BRANCA,MARROCOS,3
BELA VISTA,PRETA,HAITI,3
BELA VISTA,PRETA,EQUADOR,3
MARSILAC,AMARELA,BRASIL,3
BELA VISTA,PARDA,VENEZUELA,3
CANGAIBA,BRANCA,PERU,3
JACANA,BRANCA,PARAGUAI,3
VILA CURUCA,PARDA,BOLÍVIA,3
CANGAIBA,AMARELA,BOL�VIA,3
CAMPO LIMPO,RECUSOU INFORMA,VENEZUELA,3
CAMPO LIMPO,PRETA,ANGOLA,3
MORUMBI,,BRASIL,3
VILA GUILHERME,INDIGENA,BOL�VIA,3
VILA JACUI,AMARELA,BOLÍVIA,3
CONSOLACAO,BRANCA,VENEZUELA,3
PARELHEIROS,RECUSOU INFORMA,BOL�VIA,3
VILA LEOPOLDINA,INDIGENA,BRASIL,3
PARELHEIROS,,BRASIL,3
ARICANDUVA,,BRASIL,3
PARI,BRANCA,BOL�VIA,3
JAGUARA,AMARELA,BRASIL,3
VILA MARIA,BRANCA,ARGENTINA,3
ARICANDUVA,INDIGENA,BRASIL,3
VILA MARIA,BRANCA,BOL�VIA,3
VILA MARIA,PARDA,ARGENTINA,3
VILA MARIA,PRETA,ANGOLA,3
CURSINO,BRANCA,VENEZUELA,3
VILA MARIA,RECUSOU INFORMA,ARGENTINA,3
PARI,BRANCA,VENEZUELA,3
CASA VERDE,,BRASIL,3
VILA MATILDE,AMARELA,BOLÍVIA,3
VILA MATILDE,BRANCA,BOLÍVIA,3
PARI,PARDA,VENEZUELA,3
VILA MATILDE,INDIGENA,BOLÍVIA,3
VILA MATILDE,RECUSOU INFORMA,PERU,3
PARI,RECUSOU INFORMA,EQUADOR,3
JAGUARE,INDIGENA,BRASIL,3
VILA MEDEIROS,BRANCA,VENEZUELA,3
PARQUE DO CARMO,INDIGENA,BRASIL,3
JAGUARE,NÃO DECLARADA,BRASIL,3
AGUA RASA,PRETA,VENEZUELA,3
VILA MEDEIROS,,BRASIL,3
VILA SONIA,RECUSOU INFORMA,VENEZUELA,3
CAMPO GRANDE,,BRASIL,3
GUAIANASES,PARDA,BOLÍVIA,3
JAGUARE,RECUSOU INFORMA,BOLÍVIA,3
PEDREIRA,PARDA,VENEZUELA,3
CAMPO GRANDE,PARDA,VENEZUELA,3
AGUA RASA,INDIGENA,BRASIL,3
VILA SONIA,PARDA,VENEZUELA,3
CAMPO BELO,,BRASIL,3
PENHA,PRETA,HAITI,3
CASA VERDE,PARDA,VENEZUELA,3
GUAIANASES,PARDA,VENEZUELA,3
PERDIZES,INDIGENA,BRASIL,3
CONSOLACAO,NÃO DECLARADA,BRASIL,3
PERUS,PARDA,VENEZUELA,3
IGUATEMI,BRANCA,VENEZUELA,3
CAMBUCI,BRANCA,PARAGUAI,3
PIRITUBA,N�O DECLARADA,BRASIL,3
CACHOEIRINHA,,BRASIL,3
IGUATEMI,RECUSOU INFORMA,BOLÍVIA,3
PONTE RASA,,BRASIL,3
RAPOSO TAVARES,BRANCA,BOLÍVIA,3
CASA VERDE,AMARELA,BOL�VIA,3
CARRAO,,BRASIL,3
REPUBLICA,BRANCA,VENEZUELA,3
REPUBLICA,PARDA,PERU,3
JARDIM HELENA,PARDA,VENEZUELA,3
VILA GUILHERME,RECUSOU INFORMA,ESPANHA,2
CAMPO LIMPO,PARDA,OUTRA NACIONALIDADE,2
CIDADE ADEMAR,PRETA,CONGO,2
VILA GUILHERME,PRETA,ANGOLA,2
VILA GUILHERME,PARDA,PARAGUAI,2
CIDADE LIDER,PRETA,HAITI,2
VILA GUILHERME,PARDA,ARGENTINA,2
CAMPO LIMPO,BRANCA,PERU,2
VILA MEDEIROS,PARDA,EGITO,2
CURSINO,BRANCA,BOLÍVIA,2
CARRAO,INDIGENA,BRASIL,2
GRAJAU,PRETA,GUINÉ BISSAU,2
BARRA FUNDA,AMARELA,BRASIL,2
CACHOEIRINHA,PARDA,VENEZUELA,2
MOOCA,,BRASIL,2
VILA CURUCA,,BRASIL,2
RAPOSO TAVARES,RECUSOU INFORMA,VENEZUELA,2
BARRA FUNDA,PARDA,BOLÍVIA,2
AGUA RASA,PRETA,HAITI,2
VILA CURUCA,RECUSOU INFORMA,BOLÍVIA,2
VILA CURUCA,PRETA,SENEGAL,2
CIDADE DUTRA,RECUSOU INFORMA,SÍRIA,2
BUTANTA,BRANCA,CUBA,2
CAMPO LIMPO,BRANCA,BOLÍVIA,2
CURSINO,INDIGENA,BRASIL,2
VILA CURUCA,PARDA,MARROCOS,2
AGUA RASA,PARDA,VENEZUELA,2
PEDREIRA,BRANCA,VENEZUELA,2
MOOCA,N�O DECLARADA,BRASIL,2
RIO PEQUENO,,BRASIL,2
SACOMA,RECUSOU INFORMA,BOLÍVIA,2
MOOCA,NÃO DECLARADA,BRASIL,2
JACANA,BRANCA,VENEZUELA,2
ITAIM BIBI,INDIGENA,BRASIL,2
VILA CURUCA,BRANCA,BOLÍVIA,2
BELA VISTA,BRANCA,PORTUGAL,2
CIDADE TIRADENTES,BRANCA,BOL�VIA,2
BELA VISTA,INDIGENA,PARAGUAI,2
MOEMA,BRANCA,PORTUGAL,2
TUCURUVI,RECUSOU INFORMA,PARAGUAI,2
FREGUESIA DO O,PRETA,ANGOLA,2
SACOMA,PARDA,BOLÍVIA,2
PEDREIRA,PRETA,HAITI,2
VILA PRUDENTE,,BRASIL,2
CAMPO GRANDE,N�O DECLARADA,BRASIL,2
MOEMA,BRANCA,BOLÍVIA,2
TUCURUVI,PARDA,VENEZUELA,2
TUCURUVI,PARDA,PARAGUAI,2
BELA VISTA,PARDA,BOLÍVIA,2
CAMPO GRANDE,INDIGENA,BRASIL,2
TUCURUVI,AMARELA,BOL�VIA,2
TUCURUVI,AMARELA,BOLÍVIA,2
TREMEMBE,,BRASIL,2
CIDADE DUTRA,BRANCA,CUBA,2
REPUBLICA,BRANCA,PERU,2
RIO PEQUENO,PARDA,VENEZUELA,2
CIDADE LIDER,RECUSOU INFORMA,BOL�VIA,2
CIDADE DUTRA,BRANCA,ESPANHA,2
TREMEMBE,PARDA,ARGENTINA,2
TREMEMBE,INDIGENA,BOL�VIA,2
MANDAQUI,N�O DECLARADA,BRASIL,2
PENHA,PARDA,PERU,2
CIDADE TIRADENTES,BRANCA,VENEZUELA,2
CARRAO,RECUSOU INFORMA,BOLÍVIA,2
REPUBLICA,INDIGENA,EQUADOR,2
MANDAQUI,BRANCA,BOLÍVIA,2
BELEM,AMARELA,BOL�VIA,2
JABAQUARA,BRANCA,BOLÍVIA,2
TATUAPE,BRANCA,S�RIA,2
TATUAPE,BRANCA,ARGENTINA,2
REPUBLICA,PARDA,ANGOLA,2
CIDADE TIRADENTES,PARDA,PARAGUAI,2
TATUAPE,AMARELA,BOL�VIA,2
JARDIM SAO LUIS,BRANCA,BOLÍVIA,2
CANGAIBA,PRETA,VENEZUELA,2
SOCORRO,PARDA,CUBA,2
CARRAO,PARDA,VENEZUELA,2
ITAQUERA,RECUSOU INFORMA,PARAGUAI,2
PERDIZES,PRETA,ANGOLA,2
CAMBUCI,RECUSOU INFORMA,VENEZUELA,2
GUAIANASES,RECUSOU INFORMA,BOLÍVIA,2
CIDADE LIDER,PARDA,BOL�VIA,2
PERUS,AMARELA,BOLÍVIA,2
BELEM,INDIGENA,BOL�VIA,2
GUAIANASES,RECUSOU INFORMA,VENEZUELA,2
CONSOLACAO,PARDA,ANGOLA,2
LIMAO,BRANCA,PARAGUAI,2
SE,NÃO DECLARADA,BRASIL,2
ITAQUERA,RECUSOU INFORMA,BOL�VIA,2
LIBERDADE,,BRASIL,2
SAUDE,INDIGENA,BRASIL,2
JARAGUA,NÃO DECLARADA,BOLÍVIA,2
LIBERDADE,PRETA,HAITI,2
CASA VERDE,PARDA,ARGENTINA,2
ITAQUERA,PRETA,HAITI,2
IPIRANGA,N�O DECLARADA,BRASIL,2
SAPOPEMBA,RECUSOU INFORMA,ANGOLA,2
CASA VERDE,N�O DECLARADA,BRASIL,2
CURSINO,PARDA,COLÔMBIA,2
SAPOPEMBA,PRETA,HAITI,2
ITAQUERA,PRETA,BENIN,2
LIBERDADE,PARDA,BOLÍVIA,2
SAPOPEMBA,INDIGENA,BOLÍVIA,2
CACHOEIRINHA,BRANCA,VENEZUELA,2
SAPOPEMBA,BRANCA,SÍRIA,2
PERUS,RECUSOU INFORMA,BOL�VIA,2
SAPOPEMBA,BRANCA,PORTUGAL,2
CIDADE TIRADENTES,NÃO DECLARADA,BRUNEI,2
PERUS,RECUSOU INFORMA,REPÚBLICA DOMINICANA,2
ITAQUERA,PARDA,BOL�VIA,2
SAO RAFAEL,RECUSOU INFORMA,BOLÍVIA,2
LIBERDADE,BRANCA,AFEGANISTÃO,2
LIBERDADE,AMARELA,VENEZUELA,2
BOM RETIRO,BRANCA,PERU,2
SAO RAFAEL,BRANCA,BOL�VIA,2
GRAJAU,BRANCA,ESTADOS UNIDOS DA AMÉRICA (EUA),2
IPIRANGA,PARDA,BOLÍVIA,2
SAO MIGUEL,PRETA,ANGOLA,2
LAJEADO,,BRASIL,2
LAJEADO,RECUSOU INFORMA,UCRÂNIA,2
SAO MIGUEL,INDIGENA,BOLÍVIA,2
LAJEADO,RECUSOU INFORMA,BOL�VIA,2
LAJEADO,PRETA,PERU,2
PIRITUBA,INDIGENA,BOLÍVIA,2
SAO MATEUS,RECUSOU INFORMA,BOLÍVIA,2
SAO MATEUS,PARDA,GUINÉ,2
IPIRANGA,,BRASIL,2
BOM RETIRO,RECUSOU INFORMA,BOLÍVIA,2
CAPAO REDONDO,PARDA,HONDURAS,2
IGUATEMI,PARDA,BOL�VIA,2
CAMBUCI,BRANCA,AFEGANISTÃO,2
GRAJAU,AMARELA,VENEZUELA,2
PIRITUBA,RECUSOU INFORMA,BOLÍVIA,2
SAO LUCAS,BRANCA,AFEGANIST�O,2
LAJEADO,BRANCA,JAPÃO,2
FREGUESIA DO O,INDIGENA,BOL�VIA,2
JARDIM ANGELA,BRANCA,CHILE,2
CIDADE LIDER,BRANCA,VENEZUELA,2
ITAQUERA,AMARELA,BOLÍVIA,2
PONTE RASA,AMARELA,BOL�VIA,2
CAPAO REDONDO,PRETA,HAITI,2
IPIRANGA,RECUSOU INFORMA,GUIANA,2
PONTE RASA,BRANCA,VENEZUELA,2
LAJEADO,AMARELA,BOLÍVIA,2
CAPAO REDONDO,RECUSOU INFORMA,BOLÍVIA,2
JOSE BONIFACIO,PRETA,QUÊNIA,2
JOSE BONIFACIO,PRETA,CAMARÕES,2
SANTO AMARO,BRANCA,VENEZUELA,2
BRASILANDIA,RECUSOU INFORMA,ANGOLA,2
SANTANA,RECUSOU INFORMA,ANGOLA,2
SANTANA,PARDA,PARAGUAI,2
CACHOEIRINHA,BRANCA,ARGENTINA,2
PONTE RASA,PRETA,ANGOLA,2
CACHOEIRINHA,RECUSOU INFORMA,PERU,2
SANTANA,PARDA,ANGOLA,2
FREGUESIA DO O,INDIGENA,VENEZUELA,2
SANTANA,INDIGENA,BRASIL,2
SANTANA,INDIGENA,BOLÍVIA,2
PONTE RASA,RECUSOU INFORMA,VENEZUELA,2
JARDIM HELENA,RECUSOU INFORMA,CUBA,2
SANTANA,BRANCA,SÍRIA,2
SANTANA,BRANCA,IRAQUE,2
JOSE BONIFACIO,BRANCA,PERU,2
REPUBLICA,PRETA,SENEGAL,2
SANTANA,BRANCA,BOLÍVIA,2
CARRAO,AMARELA,JAPÃO,2
CIDADE LIDER,BRANCA,PERU,2
CIDADE LIDER,BRANCA,PARAGUAI,2
SANTA CECILIA,RECUSOU INFORMA,PERU,2
ERMELINO MATARAZZO,BRANCA,BOL�VIA,2
FREGUESIA DO O,RECUSOU INFORMA,BOL�VIA,2
SANTA CECILIA,PARDA,VENEZUELA,2
SANTA CECILIA,PARDA,PERU,2
SANTA CECILIA,PARDA,PARAGUAI,2
CIDADE TIRADENTES,PARDA,BOL�VIA,2
CASA VERDE,AMARELA,PARAGUAI,2
SANTA CECILIA,INDIGENA,BOLÍVIA,2
RAPOSO TAVARES,PRETA,ANGOLA,2
JARDIM ANGELA,RECUSOU INFORMA,VENEZUELA,2
SANTA CECILIA,BRANCA,PERU,2
IPIRANGA,PARDA,PARAGUAI,2
VILA MATILDE,BRANCA,BOL�VIA,2
VILA MATILDE,BRANCA,ARGENTINA,2
VILA MATILDE,AMARELA,BOL�VIA,2
ANHANGUERA,PARDA,EQUADOR,2
CIDADE LIDER,PRETA,GANA,2
PARI,PARDA,EQUADOR,2
ANHANGUERA,RECUSOU INFORMA,HAITI,2
ANHANGUERA,,BRASIL,2
VILA MARIA,PARDA,PERU,2
PARI,BRANCA,PARAGUAI,2
PARI,BRANCA,MARROCOS,2
ARICANDUVA,BRANCA,SÍRIA,2
VILA MARIA,INDIGENA,PERU,2
CURSINO,BRANCA,PORTUGAL,2
VILA MATILDE,RECUSOU INFORMA,BOL�VIA,2
ALTO DE PINHEIROS,PRETA,ÁFRICA DO SUL,2
RAPOSO TAVARES,PRETA,ESTADOS UNIDOS DA AMÉRICA (EUA),2
VILA MATILDE,RECUSOU INFORMA,VENEZUELA,2
PARI,RECUSOU INFORMA,ANGOLA,2
VILA MARIA,INDIGENA,ARGENTINA,2
PARI,RECUSOU INFORMA,BOLÍVIA,2
VILA MARIA,BRANCA,VENEZUELA,2
VILA MARIA,BRANCA,MÉXICO,2
PARI,BRANCA,EQUADOR,2
PARI,BRANCA,EGITO,2
VILA MEDEIROS,BRANCA,BOL�VIA,2
ALTO DE PINHEIROS,INDIGENA,BRASIL,2
CAMPO LIMPO,BRANCA,PORTUGAL,2
BUTANTA,AMARELA,JAPÃO,2
PARELHEIROS,PARDA,VENEZUELA,2
RAPOSO TAVARES,PRETA,NIGÉRIA,2
SANTA CECILIA,BRANCA,BOL�VIA,2
VILA JACUI,PRETA,ANGOLA,2
ARTUR ALVIM,RECUSOU INFORMA,ANGOLA,2
PARELHEIROS,PARDA,BOLÍVIA,2
SANTANA,RECUSOU INFORMA,PERU,1
CONSOLACAO,INDIGENA,EQUADOR,1
CONSOLACAO,PARDA,BOLÍVIA,1
CONSOLACAO,AMARELA,BOLÍVIA,1
CONSOLACAO,PARDA,FILIPINAS,1
CONSOLACAO,PRETA,CABO VERDE,1
CONSOLACAO,PRETA,GUINÉ BISSAU,1
CONSOLACAO,PRETA,SENEGAL,1
CONSOLACAO,RECUSOU INFORMA,ANGOLA,1
CIDADE TIRADENTES,RECUSOU INFORMA,VENEZUELA,1
CIDADE TIRADENTES,RECUSOU INFORMA,BOL�VIA,1
CURSINO,BRANCA,PERU,1
CURSINO,NÃO DECLARADA,JAPÃO,1
CIDADE TIRADENTES,PRETA,NIG�RIA,1
ERMELINO MATARAZZO,AMARELA,BOL�VIA,1
ERMELINO MATARAZZO,BRANCA,BOLÍVIA,1
ERMELINO MATARAZZO,INDIGENA,BOL�VIA,1
ERMELINO MATARAZZO,PRETA,ANGOLA,1
ERMELINO MATARAZZO,PRETA,MARROCOS,1
ERMELINO MATARAZZO,RECUSOU INFORMA,BOL�VIA,1
CIDADE TIRADENTES,BRANCA,PARAGUAI,1
ERMELINO MATARAZZO,RECUSOU INFORMA,HAITI,1
ERMELINO MATARAZZO,,BRASIL,1
FREGUESIA DO O,AMARELA,BOL�VIA,1
FREGUESIA DO O,BRANCA,AFEGANISTÃO,1
FREGUESIA DO O,BRANCA,BOL�VIA,1
FREGUESIA DO O,BRANCA,ESPANHA,1
FREGUESIA DO O,BRANCA,PARAGUAI,1
FREGUESIA DO O,BRANCA,VENEZUELA,1
CIDADE TIRADENTES,BRANCA,ARGENTINA,1
CIDADE TIRADENTES,BRANCA,ÁFRICA DO SUL,1
FREGUESIA DO O,PARDA,PARAGUAI,1
CIDADE TIRADENTES,AMARELA,VENEZUELA,1
FREGUESIA DO O,PRETA,VENEZUELA,1
FREGUESIA DO O,RECUSOU INFORMA,ARGENTINA,1
CIDADE TIRADENTES,AMARELA,BOL�VIA,1
FREGUESIA DO O,RECUSOU INFORMA,GUIANA FRANCESA,1
FREGUESIA DO O,RECUSOU INFORMA,JAPÃO,1
GRAJAU,BRANCA,CUBA,1
GRAJAU,BRANCA,JAPÃO,1
GRAJAU,BRANCA,PARAGUAI,1
GRAJAU,BRANCA,PORTUGAL,1
GRAJAU,BRANCA,URUGUAI,1
CIDADE LIDER,RECUSOU INFORMA,PARAGUAI,1
CIDADE LIDER,RECUSOU INFORMA,L�BANO,1
CIDADE LIDER,RECUSOU INFORMA,HAITI,1
GRAJAU,PARDA,JAPÃO,1
GRAJAU,RECUSOU INFORMA,ANGOLA,1
GRAJAU,RECUSOU INFORMA,CATAR,1
GRAJAU,RECUSOU INFORMA,COLÔMBIA,1
GRAJAU,RECUSOU INFORMA,GUIN� BISSAU,1
GUAIANASES,AMARELA,BOLÍVIA,1
CIDADE LIDER,PRETA,GUIANA,1
CIDADE LIDER,PRETA,ANGOLA,1
GUAIANASES,PARDA,ABISSÍNIA,1
CIDADE LIDER,PARDA,VENEZUELA,1
GUAIANASES,PARDA,PORTUGAL,1
GUAIANASES,PRETA,ANGOLA,1
CIDADE LIDER,PARDA,HAITI,1
GUAIANASES,RECUSOU INFORMA,HAITI,1
IGUATEMI,AMARELA,BOLÍVIA,1
CIDADE LIDER,PARDA,ARGENTINA,1
IGUATEMI,BRANCA,PARAGUAI,1
IGUATEMI,INDIGENA,BOL�VIA,1
IGUATEMI,PRETA,ANGOLA,1
IGUATEMI,PRETA,CHILE,1
CIDADE LIDER,BRANCA,SUÍÇA,1
IPIRANGA,BRANCA,IRÃ,1
IPIRANGA,BRANCA,PARAGUAI,1
IPIRANGA,BRANCA,VENEZUELA,1
IPIRANGA,INDIGENA,BOLÍVIA,1
CIDADE LIDER,BRANCA,JAPÃO,1
IPIRANGA,PRETA,ÁFRICA DO SUL,1
IPIRANGA,PRETA,HAITI,1
ITAIM BIBI,BRANCA,BÉLGICA,1
ITAIM BIBI,PARDA,CHILE,1
ITAIM BIBI,PRETA,NIGÉRIA,1
ITAIM PAULISTA,AMARELA,BOLÍVIA,1
CIDADE DUTRA,RECUSOU INFORMA,PERU,1
ITAIM PAULISTA,AMARELA,EQUADOR,1
CIDADE DUTRA,RECUSOU INFORMA,MARROCOS,1
ITAIM PAULISTA,BRANCA,PORTUGAL,1
ITAIM PAULISTA,BRANCA,URUGUAI,1
CIDADE DUTRA,RECUSOU INFORMA,CHILE,1
CIDADE DUTRA,PARDA,PERU,1
CIDADE DUTRA,PARDA,PAQUIST�O,1
CIDADE DUTRA,PARDA,BOL�VIA,1
ITAQUERA,BRANCA,COLÔMBIA,1
ITAQUERA,BRANCA,JAP�O,1
ITAQUERA,BRANCA,VENEZUELA,1
ITAQUERA,INDIGENA,BOLÍVIA,1
ITAQUERA,NÃO DECLARADA,CONGO,1
ITAQUERA,N�O DECLARADA,BRASIL,1
CIDADE DUTRA,INDIGENA,BOL�VIA,1
ITAQUERA,PARDA,VENEZUELA,1
ITAQUERA,RECUSOU INFORMA,CONGO,1
ITAQUERA,RECUSOU INFORMA,HAITI,1
CIDADE DUTRA,BRANCA,PORTUGAL,1
CIDADE DUTRA,BRANCA,PAQUIST�O,1
JABAQUARA,BRANCA,IRLANDA DO NORTE,1
JABAQUARA,BRANCA,PORTUGAL,1
JABAQUARA,BRANCA,VENEZUELA,1
CIDADE DUTRA,BRANCA,EGITO,1
JABAQUARA,RECUSOU INFORMA,PERU,1
JABAQUARA,RECUSOU INFORMA,VENEZUELA,1
JABAQUARA,,BRASIL,1
JACANA,AMARELA,BOLÍVIA,1
CIDADE DUTRA,AMARELA,BOL�VIA,1
CIDADE ADEMAR,RECUSOU INFORMA,VENEZUELA,1
JACANA,PARDA,BOL�VIA,1
CIDADE ADEMAR,PRETA,GUINÉ EQUATORIAL,1
JACANA,PARDA,VENEZUELA,1
JACANA,PRETA,ANGOLA,1
JACANA,PRETA,HAITI,1
JACANA,RECUSOU INFORMA,PARAGUAI,1
JACANA,RECUSOU INFORMA,VENEZUELA,1
CIDADE ADEMAR,PARDA,VENEZUELA,1
JAGUARA,BRANCA,VENEZUELA,1
JAGUARA,INDIGENA,BRASIL,1
CIDADE ADEMAR,PARDA,HAITI,1
JAGUARA,PRETA,NIGÉRIA,1
JAGUARE,BRANCA,ARGENTINA,1
JAGUARE,BRANCA,BOLÍVIA,1
CASA VERDE,RECUSOU INFORMA,GUINÉ BISSAU,1
CASA VERDE,RECUSOU INFORMA,AFEGANISTÃO,1
JAGUARE,PRETA,PORTUGAL,1
CASA VERDE,PRETA,ANGOLA,1
JARAGUA,AMARELA,BOLÍVIA,1
JARAGUA,AMARELA,JAP�O,1
JARAGUA,AMARELA,PARAGUAI,1
JARAGUA,BRANCA,ARGENTINA,1
CASA VERDE,PARDA,MÉXICO,1
JARAGUA,BRANCA,CHILE,1
JARAGUA,BRANCA,ESPANHA,1
JARAGUA,BRANCA,FRANÇA,1
JARAGUA,BRANCA,PARAGUAI,1
JARAGUA,INDIGENA,BOLÍVIA,1
JARAGUA,INDIGENA,BOL�VIA,1
JARAGUA,PARDA,ARGENTINA,1
JARAGUA,PARDA,INGLATERRA,1
JARAGUA,PARDA,MARROCOS,1
JARAGUA,PARDA,PARAGUAI,1
JARAGUA,PARDA,PERU,1
JARAGUA,RECUSOU INFORMA,ARGENTINA,1
JARAGUA,RECUSOU INFORMA,FRANÇA,1
JARAGUA,RECUSOU INFORMA,HAITI,1
CASA VERDE,BRANCA,PORTUGAL,1
JARDIM ANGELA,BRANCA,ARGENTINA,1
JARDIM ANGELA,BRANCA,BOLÍVIA,1
CASA VERDE,BRANCA,PERU,1
JARDIM ANGELA,BRANCA,ESTADOS UNIDOS DA AMÉRICA (EUA),1
JARDIM ANGELA,BRANCA,PARAGUAI,1
JARDIM ANGELA,BRANCA,PERU,1
JARDIM ANGELA,INDIGENA,BOLÍVIA,1
JARDIM ANGELA,INDIGENA,VENEZUELA,1
JARDIM ANGELA,PARDA,BOL�VIA,1
CASA VERDE,BRANCA,AUSTRÁLIA,1
JARDIM ANGELA,PARDA,CUBA,1
JARDIM ANGELA,PARDA,PARAGUAI,1
CASA VERDE,BRANCA,AFEGANISTÃO,1
JARDIM ANGELA,PRETA,HAITI,1
JARDIM ANGELA,RECUSOU INFORMA,BOLÍVIA,1
JARDIM HELENA,BRANCA,JAPÃO,1
JARDIM HELENA,BRANCA,VENEZUELA,1
CARRAO,PRETA,VENEZUELA,1
JARDIM HELENA,PARDA,ITÁLIA,1
JARDIM HELENA,PARDA,JAPÃO,1
JARDIM HELENA,PARDA,JAP�O,1
JARDIM HELENA,PRETA,ANGOLA,1
CARRAO,PARDA,SÍRIA,1
JARDIM HELENA,RECUSOU INFORMA,ANGOLA,1
JARDIM HELENA,RECUSOU INFORMA,BOLÍVIA,1
JARDIM HELENA,RECUSOU INFORMA,HAITI,1
JARDIM PAULISTA,PARDA,VENEZUELA,1
JARDIM PAULISTA,,BRASIL,1
CARRAO,PARDA,ANGOLA,1
JARDIM SAO LUIS,BRANCA,ARGENTINA,1
JARDIM SAO LUIS,BRANCA,BÉLGICA,1
CARRAO,N�O DECLARADA,BRASIL,1
JARDIM SAO LUIS,BRANCA,EQUADOR,1
JARDIM SAO LUIS,BRANCA,ESTADOS UNIDOS DA AMÉRICA (EUA),1
JARDIM SAO LUIS,BRANCA,PARAGUAI,1
JARDIM SAO LUIS,PARDA,BOLÍVIA,1
JARDIM SAO LUIS,PARDA,BOL�VIA,1
JARDIM SAO LUIS,PRETA,ANGOLA,1
JARDIM SAO LUIS,PRETA,NIGÉRIA,1
JARDIM SAO LUIS,PRETA,REPÚBLICA DOMINICANA,1
JARDIM SAO LUIS,RECUSOU INFORMA,BOLÍVIA,1
CARRAO,BRANCA,S�RIA,1
JARDIM SAO LUIS,RECUSOU INFORMA,ESTADOS UNIDOS DA AMÉRICA (EUA),1
CARRAO,AMARELA,JAP�O,1
JOSE BONIFACIO,AMARELA,PARAGUAI,1
JOSE BONIFACIO,BRANCA,VENEZUELA,1
JOSE BONIFACIO,INDIGENA,BOL�VIA,1
JOSE BONIFACIO,INDIGENA,PERU,1
CARRAO,AMARELA,BOL�VIA,1
JOSE BONIFACIO,PARDA,BOLÍVIA,1
CAPAO REDONDO,RECUSOU INFORMA,VENEZUELA,1
JOSE BONIFACIO,PRETA,CAMAR�ES,1
JOSE BONIFACIO,PRETA,CONGO,1
JOSE BONIFACIO,PRETA,GUIN� BISSAU,1
JOSE BONIFACIO,PRETA,GUINÉ BISSAU,1
JOSE BONIFACIO,PRETA,TAILÂNDIA,1
JOSE BONIFACIO,RECUSOU INFORMA,ESTADOS UNIDOS DA AMÉRICA (EUA),1
LAJEADO,BRANCA,ARGENTINA,1
LAJEADO,BRANCA,PARAGUAI,1
LAJEADO,INDIGENA,BOLÍVIA,1
LAJEADO,INDIGENA,VENEZUELA,1
CAPAO REDONDO,PARDA,PERU,1
CAPAO REDONDO,PARDA,BOL�VIA,1
LAJEADO,PARDA,COLÔMBIA,1
LAJEADO,PRETA,CAMAR�ES,1
LAJEADO,RECUSOU INFORMA,HAITI,1
LAJEADO,RECUSOU INFORMA,S�RIA,1
CAPAO REDONDO,BRANCA,PERU,1
CAPAO REDONDO,BRANCA,CUBA,1
LIBERDADE,BRANCA,BOLÍVIA,1
LIBERDADE,BRANCA,BOL�VIA,1
CAPAO REDONDO,BRANCA,CANAD�,1
LIBERDADE,BRANCA,EMIRADOS ÁRABES UNIDOS,1
CAPAO REDONDO,BRANCA,BOLÍVIA,1
LIBERDADE,PARDA,COLÔMBIA,1
LIBERDADE,PARDA,VENEZUELA,1
CAPAO REDONDO,BRANCA,ARGENTINA,1
LIBERDADE,RECUSOU INFORMA,ANGOLA,1
LIMAO,AMARELA,ARGENTINA,1
CANGAIBA,RECUSOU INFORMA,PERU,1
LIMAO,AMARELA,COLÔMBIA,1
CANGAIBA,RECUSOU INFORMA,HAITI,1
LIMAO,INDIGENA,BOL�VIA,1
LIMAO,PARDA,ARGENTINA,1
LIMAO,PARDA,AUSTR�LIA,1
LIMAO,PRETA,HAITI,1
CANGAIBA,PARDA,VENEZUELA,1
LIMAO,RECUSOU INFORMA,BOL�VIA,1
LIMAO,RECUSOU INFORMA,PARAGUAI,1
LIMAO,RECUSOU INFORMA,PERU,1
MANDAQUI,BRANCA,ARGENTINA,1
CANGAIBA,PARDA,HAITI,1
MANDAQUI,BRANCA,ESPANHA,1
MANDAQUI,BRANCA,PARAGUAI,1
MANDAQUI,PARDA,CANADÁ,1
MANDAQUI,PARDA,PERU,1
CANGAIBA,N�O DECLARADA,BOL�VIA,1
CANGAIBA,NÃO DECLARADA,ANGOLA,1
MARSILAC,INDIGENA,BRASIL,1
MARSILAC,PARDA,ESTADOS UNIDOS DA AMÉRICA (EUA),1
MOEMA,AMARELA,PERU,1
MOEMA,BRANCA,CUBA,1
CANGAIBA,BRANCA,VENEZUELA,1
MOEMA,PARDA,VENEZUELA,1
MOEMA,PRETA,ANGOLA,1
MOEMA,RECUSOU INFORMA,VENEZUELA,1
MOOCA,BRANCA,BOLÍVIA,1
MOOCA,INDIGENA,BOLÍVIA,1
MOOCA,RECUSOU INFORMA,BOLÍVIA,1
MORUMBI,BRANCA,PERU,1
CAMPO LIMPO,RECUSOU INFORMA,HAITI,1
CAMPO LIMPO,PRETA,NIGÉRIA,1
MORUMBI,PRETA,EQUADOR,1
MORUMBI,PRETA,NIGÉRIA,1
MORUMBI,RECUSOU INFORMA,VENEZUELA,1
CAMPO LIMPO,PARDA,PORTUGAL,1
PARELHEIROS,BRANCA,CHILE,1
PARELHEIROS,BRANCA,EGITO,1
PARELHEIROS,BRANCA,VENEZUELA,1
CAMPO LIMPO,PARDA,PERU,1
CAMPO LIMPO,PARDA,ESTADOS UNIDOS DA AMÉRICA (EUA),1
PARELHEIROS,PARDA,PARAGUAI,1
CAMPO LIMPO,PARDA,EGITO,1
PARELHEIROS,PRETA,HAITI,1
CAMPO LIMPO,PARDA,ANGOLA,1
CAMPO LIMPO,NÃO DECLARADA,MOÇAMBIQUE,1
PARI,BRANCA,COLÔMBIA,1
PARI,BRANCA,L�BIA,1
PARI,BRANCA,LÍBANO,1
PARI,BRANCA,RESERVADO,1
PARI,BRANCA,SÍRIA,1
PARI,NÃO DECLARADA,MARROCOS,1
PARI,PARDA,AFEGANIST�O,1
PARI,PARDA,ANGOLA,1
PARI,PARDA,COLÔMBIA,1
PARI,PARDA,LÍBANO,1
PARI,PARDA,PERU,1
PARI,PRETA,GÂMBIA,1
PARI,RECUSOU INFORMA,PARAGUAI,1
CAMPO LIMPO,BRANCA,EL SALVADOR,1
PARQUE DO CARMO,PRETA,ANGOLA,1
CAMPO LIMPO,BRANCA,CHILE,1
CAMPO LIMPO,BRANCA,CANADÁ,1
CAMPO LIMPO,AMARELA,VENEZUELA,1
PEDREIRA,N�O DECLARADA,BRASIL,1
PEDREIRA,PARDA,BOLÍVIA,1
CAMPO GRANDE,RECUSOU INFORMA,VENEZUELA,1
PENHA,BRANCA,PARAGUAI,1
CAMPO GRANDE,BRANCA,VENEZUELA,1
PERDIZES,BRANCA,COLÔMBIA,1
PERDIZES,BRANCA,ESTADOS UNIDOS DA AMÉRICA (EUA),1
PERDIZES,BRANCA,VENEZUELA,1
PERDIZES,PARDA,COLÔMBIA,1
PERDIZES,PARDA,FRANÇA,1
PERDIZES,PRETA,VENEZUELA,1
CAMBUCI,RECUSOU INFORMA,BOLÍVIA,1
CAMBUCI,PRETA,ESTADOS UNIDOS DA AMÉRICA (EUA),1
CAMBUCI,PRETA,ANGOLA,1
PERUS,BRANCA,PARAGUAI,1
PERUS,BRANCA,VENEZUELA,1
PERUS,INDIGENA,BOLÍVIA,1
CAMBUCI,PARDA,COLÔMBIA,1
CAMBUCI,PARDA,CHILE,1
PERUS,N�O DECLARADA,HAITI,1
PERUS,PARDA,BOL�VIA,1
PERUS,PRETA,ANGOLA,1
PERUS,PRETA,BOLÍVIA,1
CAMBUCI,PARDA,AFEGANISTÃO,1
PERUS,PRETA,CHILE,1
PERUS,PRETA,GUIANA FRANCESA,1
PERUS,PRETA,SENEGAL,1
PERUS,PRETA,VENEZUELA,1
PERUS,RECUSOU INFORMA,BOLÍVIA,1
PERUS,RECUSOU INFORMA,VENEZUELA,1
CAMBUCI,BRANCA,SÍRIA,1
PINHEIROS,INDIGENA,BRASIL,1
CAMBUCI,BRANCA,PERU,1
PINHEIROS,PRETA,BRASIL,1
PIRITUBA,BRANCA,AFEGANISTÃO,1
CAMBUCI,BRANCA,COLÔMBIA,1
PIRITUBA,BRANCA,COLÔMBIA,1
PIRITUBA,BRANCA,JAPÃO,1
PIRITUBA,PARDA,ARGENTINA,1
CAMBUCI,BRANCA,BOLÍVIA,1
PIRITUBA,PRETA,QUÊNIA,1
PIRITUBA,RECUSOU INFORMA,CUBA,1
PIRITUBA,RECUSOU INFORMA,PARAGUAI,1
PIRITUBA,RECUSOU INFORMA,PERU,1
PIRITUBA,,BRASIL,1
PONTE RASA,AMARELA,BOLÍVIA,1
PONTE RASA,INDIGENA,BOL�VIA,1
CACHOEIRINHA,RECUSOU INFORMA,VENEZUELA,1
PONTE RASA,PARDA,VENEZUELA,1
PONTE RASA,PRETA,HAITI,1
PONTE RASA,RECUSOU INFORMA,BOLÍVIA,1
PONTE RASA,RECUSOU INFORMA,BOL�VIA,1
CACHOEIRINHA,RECUSOU INFORMA,BOL�VIA,1
RAPOSO TAVARES,AMARELA,PERU,1
CACHOEIRINHA,RECUSOU INFORMA,ANGOLA,1
RAPOSO TAVARES,BRANCA,CHILE,1
RAPOSO TAVARES,BRANCA,JAPÃO,1
RAPOSO TAVARES,BRANCA,PARAGUAI,1
RAPOSO TAVARES,INDIGENA,BOLÍVIA,1
CACHOEIRINHA,PRETA,SENEGAL,1
RAPOSO TAVARES,PARDA,AUSTRÁLIA,1
RAPOSO TAVARES,PARDA,BOLÍVIA,1
CACHOEIRINHA,PRETA,NIGÉRIA,1
RAPOSO TAVARES,PRETA,BOLÍVIA,1
CACHOEIRINHA,PRETA,BOLÍVIA,1
RAPOSO TAVARES,PRETA,CONGO,1
RAPOSO TAVARES,RECUSOU INFORMA,BOL�VIA,1
REPUBLICA,BRANCA,BOLÍVIA,1
REPUBLICA,BRANCA,EQUADOR,1
REPUBLICA,BRANCA,FRANÇA,1
REPUBLICA,BRANCA,ITÁLIA,1
REPUBLICA,INDIGENA,BRASIL,1
REPUBLICA,PARDA,ARGENTINA,1
CACHOEIRINHA,PARDA,BENIN,1
REPUBLICA,PARDA,MARROCOS,1
REPUBLICA,PARDA,PARAGUAI,1
REPUBLICA,PARDA,VENEZUELA,1
REPUBLICA,PRETA,CABO VERDE,1
REPUBLICA,PRETA,GUINÉ,1
REPUBLICA,RECUSOU INFORMA,ANGOLA,1
RIO PEQUENO,BRANCA,CHILE,1
RIO PEQUENO,BRANCA,JAPÃO,1
RIO PEQUENO,BRANCA,PORTUGAL,1
RIO PEQUENO,INDIGENA,VENEZUELA,1
CACHOEIRINHA,BRANCA,SÉRVIA,1
CACHOEIRINHA,BRANCA,PARAGUAI,1
CACHOEIRINHA,BRANCA,NICARÁGUA,1
RIO PEQUENO,PARDA,COL�MBIA,1
RIO PEQUENO,PARDA,COLÔMBIA,1
CACHOEIRINHA,BRANCA,BOL�VIA,1
RIO PEQUENO,PRETA,NIG�RIA,1
RIO PEQUENO,RECUSOU INFORMA,EQUADOR,1
RIO PEQUENO,RECUSOU INFORMA,URUGUAI,1
SACOMA,AMARELA,PARAGUAI,1
SACOMA,BRANCA,BOLÍVIA,1
SACOMA,BRANCA,EQUADOR,1
SACOMA,BRANCA,MARROCOS,1
BUTANTA,,BRASIL,1
BUTANTA,PRETA,ESTADOS UNIDOS DA AMÉRICA (EUA),1
SACOMA,PARDA,BOL�VIA,1
SACOMA,PARDA,COL�MBIA,1
SACOMA,PARDA,COLÔMBIA,1
BUTANTA,INDIGENA,BRASIL,1
SACOMA,PRETA,HAITI,1
SACOMA,PRETA,REPÚBLICA CENTRO AFRICANA,1
SACOMA,PRETA,VENEZUELA,1
SACOMA,RECUSOU INFORMA,COLÔMBIA,1
SACOMA,RECUSOU INFORMA,PARAGUAI,1
SANTA CECILIA,AMARELA,BOLÍVIA,1
SANTA CECILIA,BRANCA,ALEMANHA,1
SANTA CECILIA,BRANCA,ARGENTINA,1
SANTA CECILIA,BRANCA,CHILE,1
SANTA CECILIA,BRANCA,RÚSSIA,1
SANTA CECILIA,N�O DECLARADA,BRASIL,1
SANTA CECILIA,PARDA,BOL�VIA,1
SANTA CECILIA,PARDA,IEMEN,1
SANTA CECILIA,PARDA,IEMEN DO SUL,1
SANTA CECILIA,PARDA,MARROCOS,1
BRASILANDIA,RECUSOU INFORMA,VENEZUELA,1
SANTA CECILIA,PRETA,CUBA,1
SANTA CECILIA,PRETA,HAITI,1
SANTA CECILIA,PRETA,QUÊNIA,1
BRASILANDIA,RECUSOU INFORMA,PARAGUAI,1
SANTA CECILIA,RECUSOU INFORMA,MARROCOS,1
SANTA CECILIA,RECUSOU INFORMA,PARAGUAI,1
SANTA CECILIA,RECUSOU INFORMA,VENEZUELA,1
SANTA CECILIA,,BRASIL,1
SANTANA,AMARELA,BOLÍVIA,1
BRASILANDIA,RECUSOU INFORMA,CHILE,1
SANTANA,BRANCA,LÍBANO,1
SANTANA,BRANCA,PARAGUAI,1
SANTANA,PARDA,ARGENTINA,1
SANTANA,PARDA,CHILE,1
SANTANA,PARDA,ITÁLIA,1
SANTANA,PARDA,VENEZUELA,1
BRASILANDIA,RECUSOU INFORMA,ARGENTINA,1
SANTANA,PRETA,CONGO,1
SANTANA,RECUSOU INFORMA,HAITI,1
SANTANA,RECUSOU INFORMA,PARAGUAI,1
CONSOLACAO,BRANCA,FILIPINAS,1
SANTO AMARO,INDIGENA,EQUADOR,1
SANTO AMARO,N�O DECLARADA,BRASIL,1
BRASILANDIA,PARDA,PERU,1
BRASILANDIA,PARDA,BOL�VIA,1
SAO DOMINGOS,AMARELA,BOL�VIA,1
SAO DOMINGOS,BRANCA,BOLÍVIA,1
BRASILANDIA,INDIGENA,PERU,1
SAO DOMINGOS,BRANCA,ESPANHA,1
SAO DOMINGOS,BRANCA,INGLATERRA,1
SAO DOMINGOS,BRANCA,MÉXICO,1
SAO DOMINGOS,BRANCA,PERU,1
SAO DOMINGOS,BRANCA,VENEZUELA,1
BRASILANDIA,BRANCA,URUGUAI,1
SAO DOMINGOS,PARDA,PERU,1
BRASILANDIA,BRANCA,ESTADOS UNIDOS DA AMÉRICA (EUA),1
SAO DOMINGOS,PRETA,HAITI,1
BRASILANDIA,BRANCA,CUBA,1
SAO DOMINGOS,RECUSOU INFORMA,PERU,1
SAO LUCAS,AMARELA,VENEZUELA,1
SAO LUCAS,BRANCA,BONAIRE SAINT EUSTATIUS E SABA,1
BRASILANDIA,AMARELA,BOLÍVIA,1
SAO LUCAS,INDIGENA,VENEZUELA,1
BRAS,PARDA,BOLÍVIA,1
VILA SONIA,RECUSOU INFORMA,PORTUGAL,1
BRAS,BRANCA,BOLÍVIA,1
SAO LUCAS,RECUSOU INFORMA,BOLÍVIA,1
BOM RETIRO,,BRASIL,1
SAO MATEUS,BRANCA,ARGENTINA,1
SAO MATEUS,BRANCA,BOL�VIA,1
BOM RETIRO,RECUSOU INFORMA,PERU,1
BOM RETIRO,RECUSOU INFORMA,PARAGUAI,1
SAO MATEUS,N�O DECLARADA,VENEZUELA,1
SAO MATEUS,PARDA,CUBA,1
SAO MATEUS,PARDA,MARROCOS,1
BOM RETIRO,PRETA,HAITI,1
SAO MATEUS,PRETA,NIG�RIA,1
SAO MATEUS,RECUSOU INFORMA,CUBA,1
SAO MATEUS,RECUSOU INFORMA,HAITI,1
SAO MATEUS,RECUSOU INFORMA,TUN�SIA,1
SAO MIGUEL,AMARELA,BOLÍVIA,1
SAO MIGUEL,BRANCA,PARAGUAI,1
SAO MIGUEL,BRANCA,VENEZUELA,1
BOM RETIRO,PARDA,ANGOLA,1
SAO MIGUEL,PARDA,PERU,1
BOM RETIRO,INDIGENA,PARAGUAI,1
SAO MIGUEL,PRETA,CAMARÕES,1
SAO MIGUEL,PRETA,HAITI,1
SAO MIGUEL,RECUSOU INFORMA,ANGOLA,1
SAO MIGUEL,,BRASIL,1
SAO RAFAEL,AMARELA,BOLÍVIA,1
SAO RAFAEL,BRANCA,ARGENTINA,1
SAO RAFAEL,NÃO DECLARADA,HAITI,1
BOM RETIRO,BRANCA,EQUADOR,1
SAO RAFAEL,PARDA,PERU,1
SAO RAFAEL,PRETA,REPÚBLICA DOMINICANA,1
SAO RAFAEL,RECUSOU INFORMA,BOL�VIA,1
BELEM,,BRASIL,1
SAPOPEMBA,AMARELA,VENEZUELA,1
SAPOPEMBA,BRANCA,S�RIA,1
BELEM,RECUSOU INFORMA,EQUADOR,1
SAPOPEMBA,PARDA,BOLÍVIA,1
SAPOPEMBA,PARDA,BOL�VIA,1
BELEM,RECUSOU INFORMA,COL�MBIA,1
SAPOPEMBA,RECUSOU INFORMA,HAITI,1
BELEM,PARDA,URUGUAI,1
SAUDE,BRANCA,CINGAPURA,1
SAUDE,N�O DECLARADA,BRASIL,1
SAUDE,RECUSOU INFORMA,ESTADOS UNIDOS DA AMÉRICA (EUA),1
SE,BRANCA,AFEGANISTÃO,1
BELEM,NÃO DECLARADA,PERU,1
SE,BRANCA,PARAGUAI,1
SE,BRANCA,VENEZUELA,1
SE,INDIGENA,PERU,1
SE,INDIGENA,VENEZUELA,1
SE,PARDA,COLÔMBIA,1
SE,PARDA,VENEZUELA,1
SE,PRETA,NIGÉRIA,1
SE,RECUSOU INFORMA,ANGOLA,1
SE,RECUSOU INFORMA,BANGLADESH,1
SE,RECUSOU INFORMA,BOLÍVIA,1
SE,RECUSOU INFORMA,PARAGUAI,1
SE,RECUSOU INFORMA,PERU,1
SOCORRO,BRANCA,BOLÍVIA,1
SOCORRO,BRANCA,ITÁLIA,1
SOCORRO,BRANCA,VENEZUELA,1
SOCORRO,INDIGENA,BRASIL,1
SOCORRO,PARDA,VENEZUELA,1
BELEM,BRANCA,LÍBANO,1
BELEM,BRANCA,L�BANO,1
BELEM,BRANCA,EQUADOR,1
BELEM,BRANCA,BOL�VIA,1
TATUAPE,BRANCA,INGLATERRA,1
TATUAPE,BRANCA,IRÃ,1
TATUAPE,BRANCA,VENEZUELA,1
TATUAPE,INDIGENA,ANGOLA,1
TATUAPE,INDIGENA,PERU,1
TATUAPE,PARDA,ARGENTINA,1
TATUAPE,PRETA,CUBA,1
TATUAPE,PRETA,�FRICA DO SUL,1
TATUAPE,PRETA,GANA,1
TATUAPE,PRETA,GUIN� BISSAU,1
TATUAPE,RECUSOU INFORMA,ANGOLA,1
TATUAPE,RECUSOU INFORMA,EQUADOR,1
TREMEMBE,AMARELA,VENEZUELA,1
BELA VISTA,PRETA,REPÚBLICA DOMINICANA,1
TREMEMBE,BRANCA,PARAGUAI,1
TREMEMBE,BRANCA,PERU,1
TREMEMBE,INDIGENA,BOLÍVIA,1
BELA VISTA,PRETA,GUIN� BISSAU,1
TREMEMBE,PARDA,ESPANHA,1
TREMEMBE,PARDA,PARAGUAI,1
TREMEMBE,PARDA,VENEZUELA,1
TREMEMBE,RECUSOU INFORMA,BOL�VIA,1
BELA VISTA,PRETA,ARGENTINA,1
TREMEMBE,RECUSOU INFORMA,PARAGUAI,1
TREMEMBE,RECUSOU INFORMA,PERU,1
TREMEMBE,RECUSOU INFORMA,VENEZUELA,1
TUCURUVI,BRANCA,BOL�VIA,1
BELA VISTA,PRETA,ÁFRICA DO SUL,1
TUCURUVI,BRANCA,LETÔNIA,1
TUCURUVI,INDIGENA,BOL�VIA,1
TUCURUVI,PARDA,CUBA,1
TUCURUVI,PRETA,ANGOLA,1
BELA VISTA,PARDA,ARGENTINA,1
BELA VISTA,NÃO DECLARADA,ANGOLA,1
BELA VISTA,INDIGENA,VENEZUELA,1
VILA ANDRADE,BRANCA,JAPÃO,1
VILA ANDRADE,BRANCA,PERU,1
BELA VISTA,BRANCA,S�RIA,1
VILA ANDRADE,PARDA,PERU,1
BELA VISTA,BRANCA,REP�BLICA DOMINICANA,1
VILA ANDRADE,PRETA,FRAN�A,1
VILA ANDRADE,PRETA,FRANÇA,1
VILA ANDRADE,PRETA,NIGÉRIA,1
VILA ANDRADE,RECUSOU INFORMA,ITÁLIA,1
BELA VISTA,BRANCA,PARAGUAI,1
BELA VISTA,BRANCA,ESTADOS UNIDOS DA AMÉRICA (EUA),1
VILA CURUCA,BRANCA,EQUADOR,1
VILA CURUCA,BRANCA,VENEZUELA,1
BELA VISTA,BRANCA,CUBA,1
BELA VISTA,BRANCA,CHILE,1
BELA VISTA,BRANCA,ARGENTINA,1
VILA CURUCA,PARDA,COLÔMBIA,1
VILA CURUCA,PRETA,ANGOLA,1
VILA CURUCA,RECUSOU INFORMA,BOL�VIA,1
VILA FORMOSA,BRANCA,JAPÃO,1
VILA FORMOSA,INDIGENA,BOLÍVIA,1
VILA FORMOSA,INDIGENA,BRASIL,1
BARRA FUNDA,INDIGENA,BRASIL,1
VILA FORMOSA,PARDA,PARAGUAI,1
BARRA FUNDA,BRANCA,BOLÍVIA,1
VILA FORMOSA,RECUSOU INFORMA,BOLÍVIA,1
VILA GUILHERME,AMARELA,BOLÍVIA,1
ARTUR ALVIM,RECUSOU INFORMA,VENEZUELA,1
VILA GUILHERME,BRANCA,ARGENTINA,1
ARTUR ALVIM,RECUSOU INFORMA,PORTUGAL,1
VILA GUILHERME,BRANCA,EGITO,1
VILA GUILHERME,BRANCA,S�RIA,1
VILA GUILHERME,BRANCA,VENEZUELA,1
VILA GUILHERME,INDIGENA,BOLÍVIA,1
ARTUR ALVIM,RECUSOU INFORMA,PERU,1
ARTUR ALVIM,RECUSOU INFORMA,GRÉCIA,1
VILA GUILHERME,PARDA,COLÔMBIA,1
VILA GUILHERME,PRETA,BOL�VIA,1
ARTUR ALVIM,RECUSOU INFORMA,CAMARÕES,1
VILA GUILHERME,RECUSOU INFORMA,COLÔMBIA,1
VILA GUILHERME,RECUSOU INFORMA,PERU,1
VILA GUILHERME,,BRASIL,1
ARTUR ALVIM,PARDA,BOLÍVIA,1
VILA JACUI,PARDA,BOL�VIA,1
VILA JACUI,PRETA,ESPANHA,1
ARTUR ALVIM,BRANCA,VENEZUELA,1
VILA JACUI,RECUSOU INFORMA,PARAGUAI,1
VILA JACUI,RECUSOU INFORMA,VENEZUELA,1
VILA JACUI,,BRASIL,1
ARTUR ALVIM,BRANCA,BOL�VIA,1
VILA LEOPOLDINA,N�O DECLARADA,BRASIL,1
ARTUR ALVIM,BRANCA,BOLÍVIA,1
ARTUR ALVIM,BRANCA,ARGENTINA,1
VILA LEOPOLDINA,PRETA,NIGÉRIA,1
VILA LEOPOLDINA,,BRASIL,1
ARICANDUVA,PARDA,BOL�VIA,1
ARICANDUVA,BRANCA,S�RIA,1
VILA MARIA,BRANCA,COLÔMBIA,1
VILA MARIA,BRANCA,JAPÃO,1
VILA MARIA,BRANCA,M�XICO,1
VILA MARIA,INDIGENA,BOL�VIA,1
ARICANDUVA,BRANCA,BOL�VIA,1
VILA MARIA,PARDA,HAITI,1
VILA MARIA,PRETA,BOLÍVIA,1
VILA MARIA,PRETA,HAITI,1
ANHANGUERA,RECUSOU INFORMA,CHILE,1
VILA MARIA,RECUSOU INFORMA,PARAGUAI,1
VILA MARIA,RECUSOU INFORMA,VENEZUELA,1
VILA MARIANA,AMARELA,ARGENTINA,1
VILA MARIANA,AMARELA,JAPÃO,1
VILA MARIANA,BRANCA,CANADÁ,1
VILA MARIANA,BRANCA,PERU,1
VILA MARIANA,NÃO DECLARADA,PERU,1
VILA MARIANA,PARDA,BOLÍVIA,1
ANHANGUERA,PARDA,HAITI,1
VILA MARIANA,PARDA,COLÔMBIA,1
VILA MARIANA,PARDA,JAPÃO,1
VILA MARIANA,PRETA,ANGOLA,1
ANHANGUERA,NÃO DECLARADA,HAITI,1
VILA MARIANA,RECUSOU INFORMA,VENEZUELA,1
ALTO DE PINHEIROS,,BRASIL,1
VILA MATILDE,BRANCA,PERU,1
VILA MATILDE,INDIGENA,BOL�VIA,1
VILA MATILDE,PARDA,COLÔMBIA,1
VILA MATILDE,PRETA,ZAIRE,1
VILA MATILDE,,BRASIL,1
VILA MEDEIROS,AMARELA,BOL�VIA,1
VILA MEDEIROS,AMARELA,JAP�O,1
VILA MEDEIROS,BRANCA,CHILE,1
VILA MEDEIROS,BRANCA,COLÔMBIA,1
VILA MEDEIROS,BRANCA,PERU,1
ALTO DE PINHEIROS,BRANCA,CHINA,1
VILA MEDEIROS,INDIGENA,PARAGUAI,1
ALTO DE PINHEIROS,BRANCA,AFEGANISTÃO,1
AGUA RASA,,BRASIL,1
VILA MEDEIROS,PARDA,PERU,1
VILA MEDEIROS,PRETA,ANGOLA,1
AGUA RASA,RECUSOU INFORMA,BOLÍVIA,1
VILA MEDEIROS,PRETA,HAITI,1
VILA MEDEIROS,RECUSOU INFORMA,ARGENTINA,1
VILA MEDEIROS,RECUSOU INFORMA,VENEZUELA,1
VILA PRUDENTE,AMARELA,RÚSSIA,1
VILA PRUDENTE,BRANCA,ARGENTINA,1
VILA PRUDENTE,BRANCA,COL�MBIA,1
VILA PRUDENTE,BRANCA,PARAGUAI,1
VILA PRUDENTE,BRANCA,PERU,1
VILA PRUDENTE,BRANCA,PORTUGAL,1
AGUA RASA,PARDA,EQUADOR,1
VILA PRUDENTE,PARDA,HAITI,1
VILA PRUDENTE,PRETA,NIGÉRIA,1
VILA PRUDENTE,RECUSOU INFORMA,BOLÍVIA,1
AGUA RASA,N�O DECLARADA,BRASIL,1
VILA SONIA,AMARELA,BOLÍVIA,1
VILA SONIA,BRANCA,BOL�VIA,1
VILA SONIA,BRANCA,ESTADOS UNIDOS DA AMÉRICA (EUA),1
VILA SONIA,BRANCA,PORTUGAL,1
VILA SONIA,INDIGENA,VENEZUELA,1
AGUA RASA,BRANCA,BOL�VIA,1
VILA SONIA,PRETA,NIG�RIA,1
VILA SONIA,RECUSOU INFORMA,BOL�VIA,1
CONSOLACAO,BRANCA,AFEGANISTÃO,1
CONSOLACAO,BRANCA,COLÔMBIA,1
